scorer,,,Michael,Michael,Michael,Michael,Michael,Michael,Michael,Michael,Michael,Michael,Michael,Michael,Michael,Michael,Michael,Michael,Michael,Michael,Michael,Michael,Michael,Michael,Michael,Michael,Michael,Michael,Michael,Michael,Michael,Michael,Michael,Michael,Michael,Michael,Michael,Michael,Michael,Michael,Michael,Michael,Michael,Michael,Michael,Michael,Michael,Michael,Michael,Michael,Michael,Michael,Michael,Michael,Michael,Michael,Michael,Michael,Michael,Michael,Michael,Michael,Michael,Michael,Michael,Michael,Michael,Michael,Michael,Michael,Michael,Michael,Michael,Michael,Michael,Michael,Michael,Michael,Michael,Michael,Michael,Michael,Michael,Michael,Michael,Michael,Michael,Michael,Michael,Michael,Michael,Michael,Michael,Michael,Michael,Michael,Michael,Michael,Michael,Michael,Michael,Michael,Michael,Michael,Michael,Michael,Michael,Michael,Michael,Michael,Michael,Michael,Michael,Michael,Michael,Michael,Michael,Michael,Michael,Michael,Michael,Michael,Michael,Michael,Michael,Michael,Michael,Michael,Michael,Michael,Michael,Michael,Michael,Michael,Michael,Michael,Michael,Michael,Michael,Michael,Michael,Michael,Michael,Michael,Michael,Michael,Michael,Michael,Michael,Michael,Michael,Michael,Michael,Michael,Michael,Michael,Michael,Michael,Michael,Michael,Michael,Michael,Michael,Michael,Michael,Michael,Michael,Michael,Michael,Michael,Michael,Michael,Michael,Michael,Michael,Michael,Michael,Michael,Michael,Michael,Michael,Michael
individuals,,,fish1,fish1,fish1,fish1,fish1,fish1,fish2,fish2,fish2,fish2,fish2,fish2,fish3,fish3,fish3,fish3,fish3,fish3,fish4,fish4,fish4,fish4,fish4,fish4,fish5,fish5,fish5,fish5,fish5,fish5,fish6,fish6,fish6,fish6,fish6,fish6,fish7,fish7,fish7,fish7,fish7,fish7,fish8,fish8,fish8,fish8,fish8,fish8,fish9,fish9,fish9,fish9,fish9,fish9,fish10,fish10,fish10,fish10,fish10,fish10,fish11,fish11,fish11,fish11,fish11,fish11,fish12,fish12,fish12,fish12,fish12,fish12,fish13,fish13,fish13,fish13,fish13,fish13,fish14,fish14,fish14,fish14,fish14,fish14,fish15,fish15,fish15,fish15,fish15,fish15,fish16,fish16,fish16,fish16,fish16,fish16,fish17,fish17,fish17,fish17,fish17,fish17,fish18,fish18,fish18,fish18,fish18,fish18,fish19,fish19,fish19,fish19,fish19,fish19,fish20,fish20,fish20,fish20,fish20,fish20,fish21,fish21,fish21,fish21,fish21,fish21,fish22,fish22,fish22,fish22,fish22,fish22,fish23,fish23,fish23,fish23,fish23,fish23,fish24,fish24,fish24,fish24,fish24,fish24,fish25,fish25,fish25,fish25,fish25,fish25,fish26,fish26,fish26,fish26,fish26,fish26,fish27,fish27,fish27,fish27,fish27,fish27,fish28,fish28,fish28,fish28,fish28,fish28,fish29,fish29,fish29,fish29,fish29,fish29,fish30,fish30,fish30,fish30,fish30,fish30
bodyparts,,,head,head,torso,torso,tail,tail,head,head,torso,torso,tail,tail,head,head,torso,torso,tail,tail,head,head,torso,torso,tail,tail,head,head,torso,torso,tail,tail,head,head,torso,torso,tail,tail,head,head,torso,torso,tail,tail,head,head,torso,torso,tail,tail,head,head,torso,torso,tail,tail,head,head,torso,torso,tail,tail,head,head,torso,torso,tail,tail,head,head,torso,torso,tail,tail,head,head,torso,torso,tail,tail,head,head,torso,torso,tail,tail,head,head,torso,torso,tail,tail,head,head,torso,torso,tail,tail,head,head,torso,torso,tail,tail,head,head,torso,torso,tail,tail,head,head,torso,torso,tail,tail,head,head,torso,torso,tail,tail,head,head,torso,torso,tail,tail,head,head,torso,torso,tail,tail,head,head,torso,torso,tail,tail,head,head,torso,torso,tail,tail,head,head,torso,torso,tail,tail,head,head,torso,torso,tail,tail,head,head,torso,torso,tail,tail,head,head,torso,torso,tail,tail,head,head,torso,torso,tail,tail,head,head,torso,torso,tail,tail
coords,,,x,y,x,y,x,y,x,y,x,y,x,y,x,y,x,y,x,y,x,y,x,y,x,y,x,y,x,y,x,y,x,y,x,y,x,y,x,y,x,y,x,y,x,y,x,y,x,y,x,y,x,y,x,y,x,y,x,y,x,y,x,y,x,y,x,y,x,y,x,y,x,y,x,y,x,y,x,y,x,y,x,y,x,y,x,y,x,y,x,y,x,y,x,y,x,y,x,y,x,y,x,y,x,y,x,y,x,y,x,y,x,y,x,y,x,y,x,y,x,y,x,y,x,y,x,y,x,y,x,y,x,y,x,y,x,y,x,y,x,y,x,y,x,y,x,y,x,y,x,y,x,y,x,y,x,y,x,y,x,y,x,y,x,y,x,y,x,y,x,y,x,y,x,y,x,y,x,y,x,y
labeled-data,Fish7,img003.png,826.8197222866147,193.1858245103652,840.643771224288,183.04818862273817,,,681.2064068097899,107.4767210967911,685.8144231223476,105.63351457176799,692.2656459599285,104.71191130925644,230.5424114416421,444.7835151760181,246.20966690433843,440.17549886346046,262.79852562954636,439.2538956009489,,,,,,,,,,,,,,,,,,,,,,,,,,,,,,,,,,,,,,,,,,,,,,,,,,,,,,,,,,,,,,,,,,,,,,,,,,,,,,,,,,,,,,,,,,,,,,,,,,,,,,,,,,,,,,,,,,,,,,,,,,,,,,,,,,,,,,,,,,,,,,,,,,,,,,,,,,,,,,,,,,
labeled-data,Fish7,img020.png,798.2500211487566,192.26422124785364,814.8388798739645,182.1265853602266,842.4869777493111,182.1265853602266,663.6959448220705,109.3199276218142,668.3039611346281,106.55511783427954,674.755183972209,104.71191130925644,195.52148746620324,455.84275432615664,210.26713966638803,457.68596085117974,227.77760165410749,463.21558042624906,,,,,,,,,,,,,,,,,,,,,,,,,,,,,,,,,,,,,,,,,,,,,,,,,,,,,,,,,,,,,,,,,,,,,,,,,,,,,,,,,,,,,,,,,,,,,,,,,,,,,,,,,,,,,,,,,,,,,,,,,,,,,,,,,,,,,,,,,,,,,,,,,,,,,,,,,,,,,,,,,,
labeled-data,Fish7,img025.png,789.9555917861528,188.57780819780743,810.2308635614067,179.36177557269195,828.6629288116378,180.2833788352035,656.3231187219781,113.92794393437197,660.0095317720243,109.3199276218142,664.617548084582,105.63351457176799,190.91347115364547,440.17549886346035,210.26713966638803,448.4699282260643,228.69920491661904,454.9211510636451,,,,,,,,,,,,,,,,,,,,,,,,,,,,,,,,,,,,,,,,,,,,,,,,,,,,,,,,,,,,,,,,,,,,,,,,,,,,,,,,,,,,,,,,,,,,,,,,,,,,,,,,,,,,,,,,,,,,,,,,,,,,,,,,,,,,,,,,,,,,,,,,,,,,,,,,,,,,,,,,,,
labeled-data,Fish7,img038.png,776.1315428484795,188.57780819780743,793.642004836199,183.04818862273817,815.7604831364761,181.20498209771506,637.891053471747,120.37916677195278,642.4990697843048,114.84954719688346,647.1070860968625,109.3199276218142,165.1085798033221,437.4106890759257,182.61904179104155,443.86191191350656,198.2862972537379,450.31313475108743,,,,,,,,,,,,,,,,,,,,,,,,,,,,,,,,,,,,,,,,,,,,,,,,,,,,,,,,,,,,,,,,,,,,,,,,,,,,,,,,,,,,,,,,,,,,,,,,,,,,,,,,,,,,,,,,,,,,,,,,,,,,,,,,,,,,,,,,,,,,,,,,,,,,,,,,,,,,,,,,,,
labeled-data,Fish7,img045.png,764.1507004358293,192.26422124785364,784.4259722110834,184.89139514776127,800.0932276737797,181.20498209771506,630.5182273716547,128.67359613455676,634.2046404217009,124.065579821999,639.7342599967701,118.53596024692968,157.73575370322968,438.33229233843724,167.87338959085676,444.7835151760181,181.69743852853,451.23473801359887,,,,,,,,,,,,,,,,,,,,,,,,,,,,,,,,,,,,,,,,,,,,,,,,,,,,,,,,,,,,,,,,,,,,,,,,,,,,,,,,,,,,,,,,,,,,,,,,,,,,,,,,,,,,,,,,,,,,,,,,,,,,,,,,,,,,,,,,,,,,,,,,,,,,,,,,,,,,,,,,,,
labeled-data,Fish7,img051.png,754.9346678107138,195.0290310353883,770.6019232734102,187.65620493529588,791.7987983111759,183.96979188524972,625.9102110590969,131.43840592209136,630.5182273716547,125.9087863470221,632.3614338966778,122.22237329697589,159.57896022825278,438.33229233843724,166.9517863283452,442.940308650995,178.0110254784838,444.7835151760181,,,,,,,,,,,,,,,,,,,,,,,,,,,,,,,,,,,,,,,,,,,,,,,,,,,,,,,,,,,,,,,,,,,,,,,,,,,,,,,,,,,,,,,,,,,,,,,,,,,,,,,,,,,,,,,,,,,,,,,,,,,,,,,,,,,,,,,,,,,,,,,,,,,,,,,,,,,,,,,,,,
labeled-data,Fish7,img062.png,733.7377927729482,208.85307997306154,755.8562710732253,193.1858245103652,777.0531461109911,191.3426179853421,616.6941784339814,141.57604180971845,620.3805914840276,137.88962875967223,623.1454012715623,132.36000918460292,155.89254717820663,444.7835151760181,169.71659611587987,449.3915314885759,183.5406450535531,458.6075641136913,,,,,,,,,,,,,,,,,,,,,,,,,,,,,,,,,,,,,,,,,,,,,,,,,,,,,,,,,,,,,,,,,,,,,,,,,,,,,,,,,,,,,,,,,,,,,,,,,,,,,,,,,,,,,,,,,,,,,,,,,,,,,,,,,,,,,,,,,,,,,,,,,,,,,,,,,,,,,,,,,,
labeled-data,Fish7,img074.png,700.5600753225324,213.4610962856193,720.8353470977866,200.55865061045756,744.7970319230868,201.48025387296912,599.183716446262,151.71367769734547,602.8701294963082,146.18405812227616,607.4781458088659,140.6544385472069,,,,,,,,,,,,,,,,,,,,,,,,,,,,,,,,,,,,,,,,,,,,,,,,,,,,,,,,,,,,,,,,,,,,,,,,,,,,,,,,,,,,,,,,,,,,,,,,,,,,,,,,,,,,,,,,,,,,,,,,,,,,,,,,,,,,,,,,,,,,,,,,,,,,,,,,,,,,,,,,,,,,,,,,
labeled-data,Fish7,img085.png,664.617548084582,228.2067484858041,685.8144231223476,215.30430281064235,722.6785536228097,211.6178897605962,577.0652381459847,160.0081070599494,582.594857721054,154.47848748488013,588.1244772961234,151.71367769734547,,,,,,,,,,,,,,,,,,,,,,,,,,,,,,,,,,,,,,,,,,,,,,,,,,,,,,,,,,,,,,,,,,,,,,,,,,,,,,,,,,,,,,,,,,,,,,,,,,,,,,,,,,,,,,,,,,,,,,,,,,,,,,,,,,,,,,,,,,,,,,,,,,,,,,,,,,,,,,,,,,,,,,,,
labeled-data,Fish7,img092.png,646.185482834351,237.42278111091957,666.460754609605,219.91231912320012,696.8736622724862,211.6178897605962,563.2411892083115,158.1649005349263,569.6924120458924,158.1649005349263,577.9868414084963,158.1649005349263,,,,,,,,,,,,,,,,,,,,,,,,,,,,,,,,,,,,,,,,,,,,,,,,,,,,,,,,,,,,,,,,,,,,,,,,,,,,,,,,,,,,,,,,,,,,,,,,,,,,,,,,,,,,,,,,,,,,,,,,,,,,,,,,,,,,,,,,,,,,,,,,,,,,,,,,,,,,,,,,,,,,,,,,
labeled-data,Fish7,img104.png,588.1244772961234,255.85484636115058,609.321352333889,237.42278111091957,645.2638795718394,230.04995501082715,542.9659174330575,165.5377266350187,547.5739337456151,161.8513135849725,552.1819500581729,159.08650379743784,,,,,,,,,,,,,,,,,,,,,,,,,,,,,,,,,,,,,,,,,,,,,,,,,,,,,,,,,,,,,,,,,,,,,,,,,,,,,,,,,,,,,,,,,,,,,,,,,,,,,,,,,,,,,,,,,,,,,,,,,,,,,,,,,,,,,,,,,,,,,,,,,,,,,,,,,,,,,,,,,,,,,,,,
labeled-data,Fish7,img110.png,549.4171402706382,264.1492757237545,576.1436348834732,249.4036235235697,613.0077653839352,239.26598763594268,530.9850750204073,166.45932989753027,534.6714880704535,163.69452010999555,,,,,,,,,,,,,,,,,,,,,,,,,,,,,,,,,,,,,,,,,,,,,,,,,,,,,,,,,,,,,,,,,,,,,,,,,,,,,,,,,,,,,,,,,,,,,,,,,,,,,,,,,,,,,,,,,,,,,,,,,,,,,,,,,,,,,,,,,,,,,,,,,,,,,,,,,,,,,,,,,,,,,,,,,,
labeled-data,Fish7,img122.png,477.53208579473744,288.11096054905477,503.3369771450608,265.9924822487776,542.0443141705459,263.22767246124295,503.3369771450608,164.61612337250716,506.1017869325955,162.77291684748405,509.7881999826417,160.92971032246095,,,,,,,828.6629288116378,106.55511783427954,834.1925483867071,108.39832435930265,843.4085810118227,109.3199276218142,,,,,,,,,,,,,,,,,,,,,,,,,,,,,,,,,,,,,,,,,,,,,,,,,,,,,,,,,,,,,,,,,,,,,,,,,,,,,,,,,,,,,,,,,,,,,,,,,,,,,,,,,,,,,,,,,,,,,,,,,,,,,,,,,,,,,,,,,,,,,,,,,,,,,,,,,,,,
labeled-data,Fish7,img127.png,435.1383357192061,300.09180296170496,463.70803685706414,278.89492792393924,501.4937706200377,276.13011813640463,495.04254778245684,164.61612337250716,,,500.57216735752615,160.92971032246095,,,,,,,805.622847248849,109.3199276218142,813.917276611453,108.39832435930265,824.05491249908,108.39832435930265,,,,,,,,,,,,,,,,,,,,,,,,,,,,,,,,,,,,,,,,,,,,,,,,,,,,,,,,,,,,,,,,,,,,,,,,,,,,,,,,,,,,,,,,,,,,,,,,,,,,,,,,,,,,,,,,,,,,,,,,,,,,,,,,,,,,,,,,,,,,,,,,,,,,,,,,,,,,
labeled-data,Fish7,img130.png,412.0982541564174,300.09180296170496,446.19757486934475,281.6597377114739,476.6104825322259,275.2085148738931,484.90491189482987,166.45932989753027,,,,,,,,,,,795.4852113612221,108.39832435930265,802.8580374613143,107.4767210967911,813.917276611453,108.39832435930265,,,,,,,,,,,,,,,,,,,,,,,,,,,,,,,,,,,,,,,,,,,,,,,,,,,,,,,,,,,,,,,,,,,,,,,,,,,,,,,,,,,,,,,,,,,,,,,,,,,,,,,,,,,,,,,,,,,,,,,,,,,,,,,,,,,,,,,,,,,,,,,,,,,,,,,,,,,,
labeled-data,Fish7,img145.png,283.99540066731197,339.7207432497015,318.0947213802393,311.1510421118435,362.33167798079376,306.54302579928583,456.33521075697183,166.4593298975302,746.6402384481099,109.3199276218142,750.3266514981561,109.3199276218142,755.8562710732253,108.39832435930265,,,,,,,,,,,,,,,,,,,,,,,,,,,,,,,,,,,,,,,,,,,,,,,,,,,,,,,,,,,,,,,,,,,,,,,,,,,,,,,,,,,,,,,,,,,,,,,,,,,,,,,,,,,,,,,,,,,,,,,,,,,,,,,,,,,,,,,,,,,,,,,,,,,,,,,,,,,,,,,,,,,,,,
labeled-data,Fish7,img150.png,241.60165059178073,347.09356934979394,279.3873843547543,325.89669431202833,322.7027376927971,316.6806616869128,448.9623846568794,167.38093316004176,,,,,,,,,,,725.4433634103442,113.00634067186041,734.6593960354597,111.16313414683731,741.1106188730406,112.08473740934886,,,,,,,,,,,,,,,,,,,,,,,,,,,,,,,,,,,,,,,,,,,,,,,,,,,,,,,,,,,,,,,,,,,,,,,,,,,,,,,,,,,,,,,,,,,,,,,,,,,,,,,,,,,,,,,,,,,,,,,,,,,,,,,,,,,,,,,,,,,,,,,,,,,,,,,,,,,,
labeled-data,Fish7,img161.png,131.9308623529063,376.5848737501634,184.46224831606466,348.93677587481693,223.16958534154972,336.95593346216674,428.68711288162535,171.06734621008798,,,,,,,,,,,683.9712165973245,106.55511783427954,691.344042697417,112.08473740934886,703.324885110067,115.77115045939502,,,,,,,,,,,,,,,,,,,,,,,,,,,,,,,,,,,,,,,,,,,,,,,,,,,,,,,,,,,,,,,,,,,,,,,,,,,,,,,,,,,,,,,,,,,,,,,,,,,,,,,,,,,,,,,,,,,,,,,,,,,,,,,,,,,,,,,,,,,,,,,,,,,,,,,,,,,,
labeled-data,Fish7,img167.png,66.49703071458632,395.9385422629059,128.2444493028601,367.3688411250479,172.48140590341447,354.46639544988625,422.2358900440445,176.59696578515724,418.54947699399827,172.91055273511103,,,,,,,,,665.5391513470935,109.3199276218142,671.9903741846744,114.84954719688346,683.9712165973245,120.37916677195278,,,,,,,,,,,,,,,,,,,,,,,,,,,,,,,,,,,,,,,,,,,,,,,,,,,,,,,,,,,,,,,,,,,,,,,,,,,,,,,,,,,,,,,,,,,,,,,,,,,,,,,,,,,,,,,,,,,,,,,,,,,,,,,,,,,,,,,,,,,,,,,,,,,,,,,,,,,,
