scorer,,,Michael,Michael,Michael,Michael,Michael,Michael,Michael,Michael,Michael,Michael,Michael,Michael,Michael,Michael,Michael,Michael,Michael,Michael,Michael,Michael,Michael,Michael,Michael,Michael,Michael,Michael,Michael,Michael,Michael,Michael,Michael,Michael,Michael,Michael,Michael,Michael,Michael,Michael,Michael,Michael,Michael,Michael,Michael,Michael,Michael,Michael,Michael,Michael,Michael,Michael,Michael,Michael,Michael,Michael,Michael,Michael,Michael,Michael,Michael,Michael,Michael,Michael,Michael,Michael,Michael,Michael,Michael,Michael,Michael,Michael,Michael,Michael,Michael,Michael,Michael,Michael,Michael,Michael,Michael,Michael,Michael,Michael,Michael,Michael,Michael,Michael,Michael,Michael,Michael,Michael,Michael,Michael,Michael,Michael,Michael,Michael,Michael,Michael,Michael,Michael,Michael,Michael,Michael,Michael,Michael,Michael,Michael,Michael,Michael,Michael,Michael,Michael,Michael,Michael,Michael,Michael,Michael,Michael,Michael,Michael,Michael,Michael,Michael,Michael,Michael,Michael,Michael,Michael,Michael,Michael,Michael,Michael,Michael,Michael,Michael,Michael,Michael,Michael,Michael,Michael,Michael,Michael,Michael,Michael,Michael,Michael,Michael,Michael,Michael,Michael,Michael,Michael,Michael,Michael,Michael,Michael,Michael,Michael,Michael,Michael,Michael,Michael,Michael,Michael,Michael,Michael,Michael,Michael,Michael,Michael,Michael,Michael,Michael,Michael,Michael,Michael,Michael,Michael,Michael,Michael
individuals,,,fish1,fish1,fish1,fish1,fish1,fish1,fish2,fish2,fish2,fish2,fish2,fish2,fish3,fish3,fish3,fish3,fish3,fish3,fish4,fish4,fish4,fish4,fish4,fish4,fish5,fish5,fish5,fish5,fish5,fish5,fish6,fish6,fish6,fish6,fish6,fish6,fish7,fish7,fish7,fish7,fish7,fish7,fish8,fish8,fish8,fish8,fish8,fish8,fish9,fish9,fish9,fish9,fish9,fish9,fish10,fish10,fish10,fish10,fish10,fish10,fish11,fish11,fish11,fish11,fish11,fish11,fish12,fish12,fish12,fish12,fish12,fish12,fish13,fish13,fish13,fish13,fish13,fish13,fish14,fish14,fish14,fish14,fish14,fish14,fish15,fish15,fish15,fish15,fish15,fish15,fish16,fish16,fish16,fish16,fish16,fish16,fish17,fish17,fish17,fish17,fish17,fish17,fish18,fish18,fish18,fish18,fish18,fish18,fish19,fish19,fish19,fish19,fish19,fish19,fish20,fish20,fish20,fish20,fish20,fish20,fish21,fish21,fish21,fish21,fish21,fish21,fish22,fish22,fish22,fish22,fish22,fish22,fish23,fish23,fish23,fish23,fish23,fish23,fish24,fish24,fish24,fish24,fish24,fish24,fish25,fish25,fish25,fish25,fish25,fish25,fish26,fish26,fish26,fish26,fish26,fish26,fish27,fish27,fish27,fish27,fish27,fish27,fish28,fish28,fish28,fish28,fish28,fish28,fish29,fish29,fish29,fish29,fish29,fish29,fish30,fish30,fish30,fish30,fish30,fish30
bodyparts,,,head,head,torso,torso,tail,tail,head,head,torso,torso,tail,tail,head,head,torso,torso,tail,tail,head,head,torso,torso,tail,tail,head,head,torso,torso,tail,tail,head,head,torso,torso,tail,tail,head,head,torso,torso,tail,tail,head,head,torso,torso,tail,tail,head,head,torso,torso,tail,tail,head,head,torso,torso,tail,tail,head,head,torso,torso,tail,tail,head,head,torso,torso,tail,tail,head,head,torso,torso,tail,tail,head,head,torso,torso,tail,tail,head,head,torso,torso,tail,tail,head,head,torso,torso,tail,tail,head,head,torso,torso,tail,tail,head,head,torso,torso,tail,tail,head,head,torso,torso,tail,tail,head,head,torso,torso,tail,tail,head,head,torso,torso,tail,tail,head,head,torso,torso,tail,tail,head,head,torso,torso,tail,tail,head,head,torso,torso,tail,tail,head,head,torso,torso,tail,tail,head,head,torso,torso,tail,tail,head,head,torso,torso,tail,tail,head,head,torso,torso,tail,tail,head,head,torso,torso,tail,tail,head,head,torso,torso,tail,tail
coords,,,x,y,x,y,x,y,x,y,x,y,x,y,x,y,x,y,x,y,x,y,x,y,x,y,x,y,x,y,x,y,x,y,x,y,x,y,x,y,x,y,x,y,x,y,x,y,x,y,x,y,x,y,x,y,x,y,x,y,x,y,x,y,x,y,x,y,x,y,x,y,x,y,x,y,x,y,x,y,x,y,x,y,x,y,x,y,x,y,x,y,x,y,x,y,x,y,x,y,x,y,x,y,x,y,x,y,x,y,x,y,x,y,x,y,x,y,x,y,x,y,x,y,x,y,x,y,x,y,x,y,x,y,x,y,x,y,x,y,x,y,x,y,x,y,x,y,x,y,x,y,x,y,x,y,x,y,x,y,x,y,x,y,x,y,x,y,x,y,x,y,x,y,x,y,x,y,x,y,x,y
labeled-data,Fish22,img029.png,422.7740427301565,180.21029248125734,415.9591330028867,187.02520220852716,406.4182593847089,199.2920397176128,297.37970374839176,208.83291333579064,268.7570828938585,191.11414804488908,229.23060647569352,170.6694188630796,297.37970374839176,249.72237169940956,248.312353712049,204.74396749942872,193.7930758938904,163.85450913580974,169.25940087571902,178.8473105358034,150.17765363936354,157.0395994085399,120.1920508393763,129.77996049946063,105.1992494393827,219.73676889942232,76.57662858484943,193.84011193579698,34.324188275776514,162.49152719035578,61.58382718485581,132.5059243903686,24.78331465759876,114.787159099467,,,15.242441039421003,136.59487022673045,,,,,,,,,,,,,,,,,,,,,,,,,,,,,,,,,,,,,,,,,,,,,,,,,,,,,,,,,,,,,,,,,,,,,,,,,,,,,,,,,,,,,,,,,,,,,,,,,,,,,,,,,,,,,,,,,,,,,,,,,,,,,,,,,,,,,,,,,,,,,,
labeled-data,Fish22,img031.png,413.2331691119788,182.93625637216525,402.32931354834705,195.20309388125094,297.37970374839176,210.1958952812446,270.1200648393124,191.11414804488908,234.68253425750936,172.03240080853357,294.6537398574838,251.08535364486352,261.94217316658865,221.09975084487633,197.8820217302523,169.3064369176256,166.53343698481112,185.6622202630732,148.81467169390956,162.49152719035578,118.82906889392234,135.2318882812765,114.74012305756045,225.18869668123818,82.02855636666528,196.56607582670495,38.41313411213841,165.21749108126374,58.85786329394789,135.2318882812765,27.509278548506686,116.15014104492099,,,,,7.064549366697214,136.59487022673045,,,,,,,,,,,,,,,,,,,,,,,,,,,,,,,,,,,,,,,,,,,,,,,,,,,,,,,,,,,,,,,,,,,,,,,,,,,,,,,,,,,,,,,,,,,,,,,,,,,,,,,,,,,,,,,,,,,,,,,,,,,,,,,,,,,,,,,,,,,,,,
labeled-data,Fish22,img040.png,418.6850968937946,182.93625637216525,405.05527743925495,195.20309388125094,306.9205773665695,211.55887722669854,290.56479402112194,203.38098555397477,276.93497456658224,199.29203971761285,327.36530654837895,272.893064772127,291.9277759665759,246.99640780850166,227.86762453023954,210.1958952812446,181.5262383848047,217.0108050085144,165.17045503935714,191.11414804488908,150.17765363936354,167.94345497217165,135.18485223936992,255.17429948122543,107.9252133302906,227.91466057214615,69.7617188575796,206.10694944488267,79.30259247575735,165.21749108126374,52.04295356667805,139.3208341176384,27.509278548506686,120.2390868812829,38.41313411213841,143.40977995400027,4.338585475789287,140.68381606309237,,,,,,,,,,,,,,,,,,,,,,,,,,,,,,,,,,,,,,,,,,,,,,,,,,,,,,,,,,,,,,,,,,,,,,,,,,,,,,,,,,,,,,,,,,,,,,,,,,,,,,,,,,,,,,,,,,,,,,,,,,,,,,,,,,,,,,,,,,,,,,
labeled-data,Fish22,img044.png,418.6850968937946,178.8473105358034,413.2331691119788,184.29923831761926,302.8316315302076,203.38098555397477,290.56479402112194,204.74396749942872,278.29795651203625,204.74396749942872,328.7282884938329,276.98201060848885,287.838830130214,249.72237169940956,241.49744398477918,221.09975084487633,192.43009394843645,217.0108050085144,170.622382821173,199.29203971761285,147.4516897484556,178.8473105358034,137.91081613027785,267.4411369903111,117.46608694846836,242.90746197213974,84.75452025757322,222.46273279033028,91.56942998484304,176.12134664489543,64.30979107576374,150.2246896812701,37.05015216668444,135.2318882812765,49.31698967577013,148.86170773581614,26.146296603052726,143.40977995400027,0.24963963942738943,137.9578521721844,,,,,,,,,,,,,,,,,,,,,,,,,,,,,,,,,,,,,,,,,,,,,,,,,,,,,,,,,,,,,,,,,,,,,,,,,,,,,,,,,,,,,,,,,,,,,,,,,,,,,,,,,,,,,,,,,,,,,,,,,,,,,,,,,,,,,,,,,,,,
labeled-data,Fish22,img051.png,418.6850968937946,174.75836469944147,409.14422327561687,184.29923831761926,400.9663316028931,192.47712999034303,293.29075791202985,187.02520220852716,283.74988429385206,206.10694944488267,349.1730176756424,285.1599022812127,319.1874148756552,272.893064772127,278.29795651203625,259.26324531758735,191.06711200298247,232.003606408508,182.8892203302587,218.37378695396836,167.89641893026507,199.29203971761285,161.08150920299525,283.79692033575867,133.82187029391596,266.07815504485717,109.28819527574458,251.08535364486352,98.38433971211286,197.9290577721589,80.66557442121132,181.5732744267113,52.04295356667805,159.76556329944788,77.93961053030338,151.5876716267241,46.5910257848622,150.2246896812701,19.331386875782897,144.77276189945422,,,,,,,,,,,,,,,,,,,,,,,,,,,,,,,,,,,,,,,,,,,,,,,,,,,,,,,,,,,,,,,,,,,,,,,,,,,,,,,,,,,,,,,,,,,,,,,,,,,,,,,,,,,,,,,,,,,,,,,,,,,,,,,,,,,,,,,,,,,,
labeled-data,Fish22,img055.png,422.7740427301565,178.8473105358034,413.2331691119788,182.93625637216525,403.692295493801,189.75116609943512,286.47584818476,184.29923831761926,285.1128662393061,193.84011193579698,290.56479402112194,203.38098555397477,354.62494545745824,291.9748120084825,315.09846903929326,278.34499255394286,274.20901067567434,260.6262272630413,192.43009394843645,241.5444800266858,180.16325643935076,222.46273279033028,163.80747309390318,204.74396749942872,161.08150920299525,297.42673979029837,139.2737980757318,278.34499255394286,106.56223138483665,259.26324531758735,106.56223138483665,211.55887722669854,88.8434660939351,187.02520220852716,60.22084523940184,169.3064369176256,83.39153831211925,152.95065357217806,54.768917457585985,148.86170773581614,12.516477148513076,148.86170773581614,,,,,,,,,,,,,,,,,,,,,,,,,,,,,,,,,,,,,,,,,,,,,,,,,,,,,,,,,,,,,,,,,,,,,,,,,,,,,,,,,,,,,,,,,,,,,,,,,,,,,,,,,,,,,,,,,,,,,,,,,,,,,,,,,,,,,,,,,,
labeled-data,Fish22,img069.png,428.2259705119724,170.6694188630796,421.41106078470256,176.12134664489543,411.8701871665248,187.02520220852716,266.03111900295056,167.94345497217165,274.20901067567434,180.21029248125734,283.74988429385206,191.11414804488908,358.71389129382015,283.79692033575867,347.8100357301884,291.9748120084825,332.8172343301948,298.7897217357523,196.51903978479834,249.72237169940956,184.25220227571265,241.5444800266858,174.7113286575349,236.09255224486992,165.17045503935714,283.79692033575867,156.99256336663336,291.9748120084825,136.54783418482387,293.33779395393645,127.00696056664611,248.3593897539556,107.9252133302906,225.18869668123818,82.02855636666528,203.38098555397477,110.65117722119854,161.12854524490183,88.8434660939351,161.12854524490183,60.22084523940184,150.2246896812701,,,,,,,,,,,,,,,,,,,,,,,,,,,,,,,,,,,,,,,,,,,,,,,,,,,,,,,,,,,,,,,,,,,,,,,,,,,,,,,,,,,,,,,,,,,,,,,,,,,,,,,,,,,,,,,,,,,,,,,,,,,,,,,,,,,,,,,,,,
labeled-data,Fish22,img075.png,422.7740427301565,176.12134664489543,418.6850968937946,178.8473105358034,407.7812413301629,188.38818415398111,268.75708289385847,165.21749108126374,270.1200648393124,173.39538275398752,278.29795651203625,180.21029248125734,353.2619635120043,290.6118300630285,349.1730176756424,296.06375784484436,332.8172343301948,291.9748120084825,189.70413005752852,242.90746197213974,185.61518422116663,245.63342586304765,169.25940087571902,234.72957029941597,161.08150920299525,279.7079744993968,156.99256336663336,287.8858661721206,147.4516897484556,294.7007758993904,139.2737980757318,255.17429948122543,116.1031050030144,241.5444800266858,91.56942998484304,218.37378695396836,105.1992494393827,161.12854524490183,99.74732165756683,163.85450913580974,76.57662858484943,151.5876716267241,,,,,,,,,,,,,,,,,,,,,,,,,,,,,,,,,,,,,,,,,,,,,,,,,,,,,,,,,,,,,,,,,,,,,,,,,,,,,,,,,,,,,,,,,,,,,,,,,,,,,,,,,,,,,,,,,,,,,,,,,,,,,,,,,,,,,,,,,,
labeled-data,Fish22,img082.png,430.9519344028803,169.3064369176256,424.13702467561046,176.12134664489543,415.95913300288674,184.29923831761926,244.2234078756871,157.0395994085399,261.9421731665886,165.2174910812637,268.75708289385847,173.39538275398752,340.99512600291865,276.98201060848885,340.9951260029186,293.3377939539365,355.9879274029122,296.06375784484436,193.79307589389043,240.18149808123184,191.0671120029825,245.6334258630477,174.7113286575349,241.5444800266858,189.7041300575285,286.52288422666663,166.53343698481112,289.24884811757454,144.72572585754767,301.51568562666023,150.17765363936354,268.8041189357651,129.73292445755405,251.08535364486352,98.38433971211286,236.09255224486992,114.74012305756045,158.40258135399392,92.93241193029701,162.49152719035578,,,,,,,,,,,,,,,,,,,,,,,,,,,,,,,,,,,,,,,,,,,,,,,,,,,,,,,,,,,,,,,,,,,,,,,,,,,,,,,,,,,,,,,,,,,,,,,,,,,,,,,,,,,,,,,,,,,,,,,,,,,,,,,,,,,,,,,,,,,,
