scorer,,,Michael,Michael,Michael,Michael,Michael,Michael,Michael,Michael,Michael,Michael,Michael,Michael,Michael,Michael,Michael,Michael,Michael,Michael,Michael,Michael,Michael,Michael,Michael,Michael,Michael,Michael,Michael,Michael,Michael,Michael,Michael,Michael,Michael,Michael,Michael,Michael,Michael,Michael,Michael,Michael,Michael,Michael,Michael,Michael,Michael,Michael,Michael,Michael,Michael,Michael,Michael,Michael,Michael,Michael,Michael,Michael,Michael,Michael,Michael,Michael,Michael,Michael,Michael,Michael,Michael,Michael,Michael,Michael,Michael,Michael,Michael,Michael,Michael,Michael,Michael,Michael,Michael,Michael,Michael,Michael,Michael,Michael,Michael,Michael,Michael,Michael,Michael,Michael,Michael,Michael,Michael,Michael,Michael,Michael,Michael,Michael,Michael,Michael,Michael,Michael,Michael,Michael,Michael,Michael,Michael,Michael,Michael,Michael,Michael,Michael,Michael,Michael,Michael,Michael,Michael,Michael,Michael,Michael,Michael,Michael,Michael,Michael,Michael,Michael,Michael,Michael,Michael,Michael,Michael,Michael,Michael,Michael,Michael,Michael,Michael,Michael,Michael,Michael,Michael,Michael,Michael,Michael,Michael,Michael,Michael,Michael,Michael,Michael,Michael,Michael,Michael,Michael,Michael,Michael,Michael,Michael,Michael,Michael,Michael,Michael,Michael,Michael,Michael,Michael,Michael,Michael,Michael,Michael,Michael,Michael,Michael,Michael,Michael,Michael,Michael,Michael,Michael,Michael,Michael,Michael
individuals,,,fish1,fish1,fish1,fish1,fish1,fish1,fish2,fish2,fish2,fish2,fish2,fish2,fish3,fish3,fish3,fish3,fish3,fish3,fish4,fish4,fish4,fish4,fish4,fish4,fish5,fish5,fish5,fish5,fish5,fish5,fish6,fish6,fish6,fish6,fish6,fish6,fish7,fish7,fish7,fish7,fish7,fish7,fish8,fish8,fish8,fish8,fish8,fish8,fish9,fish9,fish9,fish9,fish9,fish9,fish10,fish10,fish10,fish10,fish10,fish10,fish11,fish11,fish11,fish11,fish11,fish11,fish12,fish12,fish12,fish12,fish12,fish12,fish13,fish13,fish13,fish13,fish13,fish13,fish14,fish14,fish14,fish14,fish14,fish14,fish15,fish15,fish15,fish15,fish15,fish15,fish16,fish16,fish16,fish16,fish16,fish16,fish17,fish17,fish17,fish17,fish17,fish17,fish18,fish18,fish18,fish18,fish18,fish18,fish19,fish19,fish19,fish19,fish19,fish19,fish20,fish20,fish20,fish20,fish20,fish20,fish21,fish21,fish21,fish21,fish21,fish21,fish22,fish22,fish22,fish22,fish22,fish22,fish23,fish23,fish23,fish23,fish23,fish23,fish24,fish24,fish24,fish24,fish24,fish24,fish25,fish25,fish25,fish25,fish25,fish25,fish26,fish26,fish26,fish26,fish26,fish26,fish27,fish27,fish27,fish27,fish27,fish27,fish28,fish28,fish28,fish28,fish28,fish28,fish29,fish29,fish29,fish29,fish29,fish29,fish30,fish30,fish30,fish30,fish30,fish30
bodyparts,,,head,head,torso,torso,tail,tail,head,head,torso,torso,tail,tail,head,head,torso,torso,tail,tail,head,head,torso,torso,tail,tail,head,head,torso,torso,tail,tail,head,head,torso,torso,tail,tail,head,head,torso,torso,tail,tail,head,head,torso,torso,tail,tail,head,head,torso,torso,tail,tail,head,head,torso,torso,tail,tail,head,head,torso,torso,tail,tail,head,head,torso,torso,tail,tail,head,head,torso,torso,tail,tail,head,head,torso,torso,tail,tail,head,head,torso,torso,tail,tail,head,head,torso,torso,tail,tail,head,head,torso,torso,tail,tail,head,head,torso,torso,tail,tail,head,head,torso,torso,tail,tail,head,head,torso,torso,tail,tail,head,head,torso,torso,tail,tail,head,head,torso,torso,tail,tail,head,head,torso,torso,tail,tail,head,head,torso,torso,tail,tail,head,head,torso,torso,tail,tail,head,head,torso,torso,tail,tail,head,head,torso,torso,tail,tail,head,head,torso,torso,tail,tail,head,head,torso,torso,tail,tail,head,head,torso,torso,tail,tail
coords,,,x,y,x,y,x,y,x,y,x,y,x,y,x,y,x,y,x,y,x,y,x,y,x,y,x,y,x,y,x,y,x,y,x,y,x,y,x,y,x,y,x,y,x,y,x,y,x,y,x,y,x,y,x,y,x,y,x,y,x,y,x,y,x,y,x,y,x,y,x,y,x,y,x,y,x,y,x,y,x,y,x,y,x,y,x,y,x,y,x,y,x,y,x,y,x,y,x,y,x,y,x,y,x,y,x,y,x,y,x,y,x,y,x,y,x,y,x,y,x,y,x,y,x,y,x,y,x,y,x,y,x,y,x,y,x,y,x,y,x,y,x,y,x,y,x,y,x,y,x,y,x,y,x,y,x,y,x,y,x,y,x,y,x,y,x,y,x,y,x,y,x,y,x,y,x,y,x,y,x,y
labeled-data,Fish15,img004.png,,,,,,,582.8663786342702,277.62676134662263,656.1295917639845,257.4419985455788,711.4507935149934,241.74273858921143,640.4303318076172,215.57730532859912,682.295025024597,211.8393862913688,718.179047782008,204.36354821690819,218.79306440803634,375.56024012205717,247.20124909098683,375.56024012205717,268.8811795069227,374.8126563146111,,,,,,,,,,,,,,,,,,,,,,,,,,,,,,,,,,,,,,,,,,,,,,,,,,,,,,,,,,,,,,,,,,,,,,,,,,,,,,,,,,,,,,,,,,,,,,,,,,,,,,,,,,,,,,,,,,,,,,,,,,,,,,,,,,,,,,,,,,,,,,,,,,,,,,,,,,,,
labeled-data,Fish15,img015.png,804.8987694457514,284.3550156136372,,,,,522.3120902311389,290.3356860732057,592.584968131069,269.40333946471594,641.1779156150633,254.45166331579455,579.8760434044859,233.51931670730474,616.507649969343,221.55797578816774,652.3916727267542,215.57730532859912,189.6372959176398,353.88030970612135,209.07447491123747,359.1133963582438,227.76407009738915,363.59889920292017,,,,,,,,,,,,,,,,,,,,,,,,,,,,,,,,,,,,,,,,,,,,,,,,,,,,,,,,,,,,,,,,,,,,,,,,,,,,,,,,,,,,,,,,,,,,,,,,,,,,,,,,,,,,,,,,,,,,,,,,,,,,,,,,,,,,,,,,,,,,,,,,,,,,,,,,,,,,
labeled-data,Fish15,img025.png,766.7719952660022,275.3840099242843,820.598029402119,255.94683093068667,,,481.94256462905133,301.54944318489675,549.2251072991971,270.150923272162,595.5753033608532,261.9275013902552,537.2637663800601,238.75240335942723,563.4291996406726,227.53864624773624,601.5559738204217,222.3055595956138,162.72427884958148,338.1810497497539,183.65662545807132,341.1713849795382,199.35588541443866,349.39480686144486,,,,,,,,,,,,,,,,,,,,,,,,,,,,,,,,,,,,,,,,,,,,,,,,,,,,,,,,,,,,,,,,,,,,,,,,,,,,,,,,,,,,,,,,,,,,,,,,,,,,,,,,,,,,,,,,,,,,,,,,,,,,,,,,,,,,,,,,,,,,,,,,,,,,,,,,,,,,
labeled-data,Fish15,img036.png,729.392804893699,268.65575565727005,787.7043418744921,243.98549001154993,832.559370321256,224.5483110179522,428.1165304929347,293.3260213029902,502.1273274300952,282.8598479987453,523.8072578460311,261.1799175828094,,,504.3700788524334,240.99515478176562,526.7975930758153,235.01448432219712,138.80159701130745,318.74387075615647,154.50085696767485,323.22937360083284,167.95736550170403,323.9769574082789,,,,,,,,,,,,,,,,,,,,,,,,,,,,,,,,,,,,,,,,,,,,,,,,,,,,,,,,,,,,,,,,,,,,,,,,,,,,,,,,,,,,,,,,,,,,,,,,,,,,,,,,,,,,,,,,,,,,,,,,,,,,,,,,,,,,,,,,,,,,,,,,,,,,,,,,,,,,
labeled-data,Fish15,img066.png,648.653753689524,254.4516633157948,691.2660307139496,217.07247294349156,721.9169668192383,193.14979110521745,484.1853160513897,285.1025994210835,459.5150504056695,306.03494602957335,401.9510972323224,317.24870314126434,514.8362521566784,280.6170965764071,495.39907316308063,264.91783662003974,478.2046455918211,249.96616047111843,,,,,,,,,,,,,,,,,,,,,,,,,,,,,,,,,,,,,,,,,,,,,,,,,,,,,,,,,,,,,,,,,,,,,,,,,,,,,,,,,,,,,,,,,,,,,,,,,,,,,,,,,,,,,,,,,,,,,,,,,,,,,,,,,,,,,,,,,,,,,,,,,,,,,,,,,,,,,,,,,,
labeled-data,Fish15,img078.png,635.1972451554948,255.19924712324087,671.828851720352,214.82972152115337,698.7418687884102,178.9456987637422,463.2529694428998,278.3743451540689,468.48605609502226,298.55910795511267,458.0198827907774,327.7148764455092,490.1659865109582,291.08326988065204,496.89424077797275,265.6654204274858,492.4087379332964,246.22824143388812,,,,,,,,,,,,,,,,,,,,,,,,,,,,,,,,,,,,,,,,,,,,,,,,,,,,,,,,,,,,,,,,,,,,,,,,,,,,,,,,,,,,,,,,,,,,,,,,,,,,,,,,,,,,,,,,,,,,,,,,,,,,,,,,,,,,,,,,,,,,,,,,,,,,,,,,,,,,,,,,,,
labeled-data,Fish15,img096.png,626.9738232735881,267.1605880423779,652.3916727267542,221.55797578816794,672.576435527798,187.16912064564895,316.726543183471,221.55797578816794,363.8243230525731,234.26690051475106,395.9704267727539,246.22824143388812,494.65148935563457,276.8791775391768,510.3507493120019,249.96616047111843,520.8169226162468,228.28623005518256,,,,,,,,,,,,,,,,,,,,,,,,,,,,,,,,,,,,,,,,,,,,,,,,,,,,,,,,,,,,,,,,,,,,,,,,,,,,,,,,,,,,,,,,,,,,,,,,,,,,,,,,,,,,,,,,,,,,,,,,,,,,,,,,,,,,,,,,,,,,,,,,,,,,,,,,,,,,,,,,,,
labeled-data,Fish15,img106.png,620.2455690065735,272.3936746945004,666.5957650682294,231.2765652849668,685.2853602543811,198.38287775733994,294.299028960089,163.9940226148209,291.30869373030475,207.3538834466927,304.76520226433394,235.76206812964318,476.70947797692895,273.88884230939254,505.8652464673255,270.89850707960824,520.0693388088008,264.1702528125937,,,,,,,,,,,,,,,,,,,,,,,,,,,,,,,,,,,,,,,,,,,,,,,,,,,,,,,,,,,,,,,,,,,,,,,,,,,,,,,,,,,,,,,,,,,,,,,,,,,,,,,,,,,,,,,,,,,,,,,,,,,,,,,,,,,,,,,,,,,,,,,,,,,,,,,,,,,,,,,,,,
labeled-data,Fish15,img118.png,620.9931528140196,269.4033394647161,665.8481812607833,232.77173289985893,695.751533558626,208.10146725413875,354.8533173632203,123.62449701273336,284.5804394632902,131.10033508719403,274.8618499664913,180.44086637863433,432.6020333376111,217.07247294349156,461.01021802056164,261.1799175828094,494.65148935563457,278.3743451540689,,,,,,,,,,,,,,,,,,,,,,,,,,,,,,,,,,,,,,,,,,,,,,,,,,,,,,,,,,,,,,,,,,,,,,,,,,,,,,,,,,,,,,,,,,,,,,,,,,,,,,,,,,,,,,,,,,,,,,,,,,,,,,,,,,,,,,,,,,,,,,,,,,,,,,,,,,,,,,,,,,
labeled-data,Fish15,img125.png,619.4979851991275,267.1605880423779,668.0909326831217,239.4999871668735,704.7225392479788,214.0821377137073,419.89310861102797,125.11966462762548,333.1733869472844,127.36241604996367,264.3956766622464,117.64382655316483,452.0392123312088,177.45053114885008,446.05854187164016,227.53864624773644,469.9812237099144,261.9275013902555,,,,,,,,,,,,,,,,,,,,,,,,,,,,,,,,,,,,,,,,,,,,,,,,,,,,,,,,,,,,,,,,,,,,,,,,,,,,,,,,,,,,,,,,,,,,,,,,,,,,,,,,,,,,,,,,,,,,,,,,,,,,,,,,,,,,,,,,,,,,,,,,,,,,,,,,,,,,,,,,,,
labeled-data,Fish15,img130.png,628.4689908884802,262.67508519770155,681.5474412171509,238.75240335942743,724.1597182415765,212.58697009881513,416.15518957379766,75.03154952873909,377.2808315866023,129.6051674723019,307.7555374941182,136.33342173931646,469.2336399024682,163.24643880737483,437.0875361822874,201.3732129871242,451.2916285237627,230.52898147752074,,,,,,,,,,,,,,,,,,,,,,,,,,,,,,,,,,,,,,,,,,,,,,,,,,,,,,,,,,,,,,,,,,,,,,,,,,,,,,,,,,,,,,,,,,,,,,,,,,,,,,,,,,,,,,,,,,,,,,,,,,,,,,,,,,,,,,,,,,,,,,,,,,,,,,,,,,,,,,,,,,
labeled-data,Fish15,img140.png,628.4689908884802,262.67508519770155,695.7515335586261,247.72340904878024,732.3831401234831,230.52898147752074,418.3979409961358,15.224844933053859,401.20351342487635,73.53638191384697,407.18418388444485,130.35275127974796,479.6998132067131,118.39141036061089,462.50538563545365,171.46986068928157,441.5730390269638,205.85871583180057,,,,,,,,,,,,,,,,,,,,,,,,,,,,,,,,,,,,,,,,,,,,,,,,,,,,,,,,,,,,,,,,,,,,,,,,,,,,,,,,,,,,,,,,,,,,,,,,,,,,,,,,,,,,,,,,,,,,,,,,,,,,,,,,,,,,,,,,,,,,,,,,,,,,,,,,,,,,,,,,,,
labeled-data,Fish15,img142.png,632.2069099257105,263.4226690051476,686.7805278692733,252.20891189345662,731.6355563160372,238.75240335942743,421.38827622592004,4.758671628808941,403.4462648472145,51.108867690465004,403.44626484721454,107.17765324891992,493.9039055481884,97.45906375212105,471.4763913248064,160.25610357759058,458.0198827907773,194.64495872010957,,,,,,,,,,,,,,,,,,,,,,,,,,,,,,,,,,,,,,,,,,,,,,,,,,,,,,,,,,,,,,,,,,,,,,,,,,,,,,,,,,,,,,,,,,,,,,,,,,,,,,,,,,,,,,,,,,,,,,,,,,,,,,,,,,,,,,,,,,,,,,,,,,,,,,,,,,,,,,,,,,
