scorer,,,Michael,Michael,Michael,Michael,Michael,Michael,Michael,Michael,Michael,Michael,Michael,Michael,Michael,Michael,Michael,Michael,Michael,Michael,Michael,Michael,Michael,Michael,Michael,Michael,Michael,Michael,Michael,Michael,Michael,Michael,Michael,Michael,Michael,Michael,Michael,Michael,Michael,Michael,Michael,Michael,Michael,Michael,Michael,Michael,Michael,Michael,Michael,Michael,Michael,Michael,Michael,Michael,Michael,Michael,Michael,Michael,Michael,Michael,Michael,Michael,Michael,Michael,Michael,Michael,Michael,Michael,Michael,Michael,Michael,Michael,Michael,Michael,Michael,Michael,Michael,Michael,Michael,Michael,Michael,Michael,Michael,Michael,Michael,Michael,Michael,Michael,Michael,Michael,Michael,Michael,Michael,Michael,Michael,Michael,Michael,Michael,Michael,Michael,Michael,Michael,Michael,Michael,Michael,Michael,Michael,Michael,Michael,Michael,Michael,Michael,Michael,Michael,Michael,Michael,Michael,Michael,Michael,Michael,Michael,Michael,Michael,Michael,Michael,Michael,Michael,Michael,Michael,Michael,Michael,Michael,Michael,Michael,Michael,Michael,Michael,Michael,Michael,Michael,Michael,Michael,Michael,Michael,Michael,Michael,Michael,Michael,Michael,Michael,Michael,Michael,Michael,Michael,Michael,Michael,Michael,Michael,Michael,Michael,Michael,Michael,Michael,Michael,Michael,Michael,Michael,Michael,Michael,Michael,Michael,Michael,Michael,Michael,Michael,Michael,Michael,Michael,Michael,Michael,Michael,Michael
individuals,,,fish1,fish1,fish1,fish1,fish1,fish1,fish2,fish2,fish2,fish2,fish2,fish2,fish3,fish3,fish3,fish3,fish3,fish3,fish4,fish4,fish4,fish4,fish4,fish4,fish5,fish5,fish5,fish5,fish5,fish5,fish6,fish6,fish6,fish6,fish6,fish6,fish7,fish7,fish7,fish7,fish7,fish7,fish8,fish8,fish8,fish8,fish8,fish8,fish9,fish9,fish9,fish9,fish9,fish9,fish10,fish10,fish10,fish10,fish10,fish10,fish11,fish11,fish11,fish11,fish11,fish11,fish12,fish12,fish12,fish12,fish12,fish12,fish13,fish13,fish13,fish13,fish13,fish13,fish14,fish14,fish14,fish14,fish14,fish14,fish15,fish15,fish15,fish15,fish15,fish15,fish16,fish16,fish16,fish16,fish16,fish16,fish17,fish17,fish17,fish17,fish17,fish17,fish18,fish18,fish18,fish18,fish18,fish18,fish19,fish19,fish19,fish19,fish19,fish19,fish20,fish20,fish20,fish20,fish20,fish20,fish21,fish21,fish21,fish21,fish21,fish21,fish22,fish22,fish22,fish22,fish22,fish22,fish23,fish23,fish23,fish23,fish23,fish23,fish24,fish24,fish24,fish24,fish24,fish24,fish25,fish25,fish25,fish25,fish25,fish25,fish26,fish26,fish26,fish26,fish26,fish26,fish27,fish27,fish27,fish27,fish27,fish27,fish28,fish28,fish28,fish28,fish28,fish28,fish29,fish29,fish29,fish29,fish29,fish29,fish30,fish30,fish30,fish30,fish30,fish30
bodyparts,,,head,head,torso,torso,tail,tail,head,head,torso,torso,tail,tail,head,head,torso,torso,tail,tail,head,head,torso,torso,tail,tail,head,head,torso,torso,tail,tail,head,head,torso,torso,tail,tail,head,head,torso,torso,tail,tail,head,head,torso,torso,tail,tail,head,head,torso,torso,tail,tail,head,head,torso,torso,tail,tail,head,head,torso,torso,tail,tail,head,head,torso,torso,tail,tail,head,head,torso,torso,tail,tail,head,head,torso,torso,tail,tail,head,head,torso,torso,tail,tail,head,head,torso,torso,tail,tail,head,head,torso,torso,tail,tail,head,head,torso,torso,tail,tail,head,head,torso,torso,tail,tail,head,head,torso,torso,tail,tail,head,head,torso,torso,tail,tail,head,head,torso,torso,tail,tail,head,head,torso,torso,tail,tail,head,head,torso,torso,tail,tail,head,head,torso,torso,tail,tail,head,head,torso,torso,tail,tail,head,head,torso,torso,tail,tail,head,head,torso,torso,tail,tail,head,head,torso,torso,tail,tail,head,head,torso,torso,tail,tail
coords,,,x,y,x,y,x,y,x,y,x,y,x,y,x,y,x,y,x,y,x,y,x,y,x,y,x,y,x,y,x,y,x,y,x,y,x,y,x,y,x,y,x,y,x,y,x,y,x,y,x,y,x,y,x,y,x,y,x,y,x,y,x,y,x,y,x,y,x,y,x,y,x,y,x,y,x,y,x,y,x,y,x,y,x,y,x,y,x,y,x,y,x,y,x,y,x,y,x,y,x,y,x,y,x,y,x,y,x,y,x,y,x,y,x,y,x,y,x,y,x,y,x,y,x,y,x,y,x,y,x,y,x,y,x,y,x,y,x,y,x,y,x,y,x,y,x,y,x,y,x,y,x,y,x,y,x,y,x,y,x,y,x,y,x,y,x,y,x,y,x,y,x,y,x,y,x,y,x,y,x,y
labeled-data,Fish4,img018.png,494.9181801350357,330.1383064811928,499.00712597139756,343.7681259357324,501.73308986230546,361.48689122663393,426.7690828623374,312.4195411902914,417.22820924415964,316.50848702665326,411.7762814623438,321.96041480846907,531.7186926622927,324.68637869937686,542.6225482259243,328.7753245357387,554.88938573501,335.5902342630085,609.4086635531687,311.0565592448371,616.2235732804386,305.6046314630215,625.7644468986164,306.9676134084756,347.7161300260074,229.27764251759962,340.9012202987376,241.54448002668502,338.1752564078296,253.81131753577077,503.09607180775936,193.84011193579582,515.362909316845,197.92905777215768,524.9037829350227,203.38098555397366,846.5675246618404,170.66941886307953,838.3896329891166,180.2102924812573,819.3078857527611,195.2030938812509,804.1511856383054,135.5858379318704,808.6366884829819,141.5665083914389,814.6173589425504,146.79959504356134,,,,,,,,,,,,,,,,,,,,,,,,,,,,,,,,,,,,,,,,,,,,,,,,,,,,,,,,,,,,,,,,,,,,,,,,,,,,,,,,,,,,,,,,,,,,,,,,,,,,,,,,,,,,,,,,,,,,,,,,,,,,,,,,,,,,
labeled-data,Fish4,img031.png,477.19941744381583,328.7753245357395,497.64414662562535,339.67918009937114,494.91818273471745,354.67198149936485,425.40610351656517,304.24164951756813,422.68013962565726,312.41954119029185,413.1392660074795,326.0493606448315,538.5336049892443,334.2272523175553,541.2595688801522,328.7753245357395,545.3485147165142,326.0493606448315,594.4158647528568,313.7825231357458,603.9567383710346,308.33059535393,613.4976119892124,305.6046314630221,355.89402429841294,219.7367688994223,346.3531506802352,229.27764251760001,334.0863131711495,244.27044391759367,475.8364354983619,177.48432859034935,488.10327300744757,181.57327442671127,497.64414662562535,187.02520220852713,,,,,841.1155968800246,191.114148044889,800.4132666010751,132.5955027020861,807.8891046755357,138.57617316165465,814.6173589425504,145.30442742866921,,,,,,,,,,,,,,,,,,,,,,,,,,,,,,,,,,,,,,,,,,,,,,,,,,,,,,,,,,,,,,,,,,,,,,,,,,,,,,,,,,,,,,,,,,,,,,,,,,,,,,,,,,,,,,,,,,,,,,,,,,,,,,,,,,,,
labeled-data,Fish4,img053.png,473.110471607454,297.42673979029826,470.38450771654607,317.8714689721078,482.65134522563176,331.5012884266474,,,429.4950493529271,300.15270368120616,415.86522989838744,309.69357729938395,531.7186952619744,338.3161981539172,546.7114966619681,341.0421620448252,554.8893883346918,346.494089826641,587.600955025587,326.0493606448315,594.4158647528568,326.0493606448315,609.4086661528505,326.0493606448315,355.89402429841294,200.65502166306678,349.0791145711431,207.4699313903366,343.62718678932725,221.09975084487624,425.40610351656517,158.40258135399384,440.39890491655876,162.49152719035575,455.3917063165524,167.94345497217162,,,,,,,798.1705151787369,133.34308650953216,798.1705151787369,138.57617316165465,804.1511856383054,144.55684362122315,,,,,,,,,,,,,,,,,,,,,,,,,,,,,,,,,,,,,,,,,,,,,,,,,,,,,,,,,,,,,,,,,,,,,,,,,,,,,,,,,,,,,,,,,,,,,,,,,,,,,,,,,,,,,,,,,,,,,,,,,,,,,,,,,,,,
labeled-data,Fish4,img065.png,486.7402910619936,281.0709564448507,466.29556188018415,298.7897217357522,464.93257993473014,327.41234259028556,426.7690854620191,300.15270368120616,413.1392660074795,302.8786675721142,410.4133021165716,309.69357729938395,560.3413161165078,349.2200537175489,543.9855327710601,347.85707177209497,543.9855327710601,349.2200537175489,603.9567383710346,324.68637869937754,576.6970994619553,338.3161981539172,588.963936971041,343.7681259357331,365.4348979165907,195.2030938812509,354.531042352959,197.9290577721588,346.3531506802352,206.10694944488264,398.1464646074859,140.68381606309234,413.1392660074795,147.49872579036216,428.13206740747313,148.8617077358161,,,,,,,794.4325961415066,123.62449701273333,795.9277637563987,131.84791889464003,795.1801799489526,140.81892458399284,,,,,,,,,,,,,,,,,,,,,,,,,,,,,,,,,,,,,,,,,,,,,,,,,,,,,,,,,,,,,,,,,,,,,,,,,,,,,,,,,,,,,,,,,,,,,,,,,,,,,,,,,,,,,,,,,,,,,,,,,,,,,,,,,,,,
labeled-data,Fish4,img072.png,486.7402910619936,272.8930647721269,464.93257993473014,285.15990228121257,451.3027604801905,305.6046314630221,430.85803129838104,300.15270368120616,422.68013962565726,305.6046314630221,411.7762840620255,313.7825231357458,561.7042980619617,349.2200537175489,554.8893883346918,349.2200537175489,550.80044249833,358.7609273357267,587.600955025587,338.3161981539172,590.326918916495,331.5012884266474,599.8677925346727,331.5012884266474,374.97577153476846,195.2030938812509,358.6199881893209,196.56607582670486,347.71613262568917,203.38098555397468,374.97577153476846,140.68381606309234,388.6055909893081,142.0467980085463,409.0503201711176,143.40977995400024,794.4325961415066,122.87691320528727,792.9374285266144,129.60516747230184,791.4422609117223,137.08100554676253,,,,,,,,,,,,,,,,,,,,,,,,,,,,,,,,,,,,,,,,,,,,,,,,,,,,,,,,,,,,,,,,,,,,,,,,,,,,,,,,,,,,,,,,,,,,,,,,,,,,,,,,,,,,,,,,,,,,,,,,,,,,,,,,,,,,,,,,,,
labeled-data,Fish4,img087.png,508.5480021892571,255.17429948122535,466.29556188018415,264.71517309940316,429.4950493529271,286.5228842266665,,,,,413.1392660074795,308.33059535393,584.8749911346791,356.0349634448188,569.8821897346854,356.0349634448188,556.2523702801458,360.12390928118066,588.963936971041,341.0421620448252,598.5048105892188,342.40514399027916,620.3125217164821,343.7681259357331,381.7906812620383,187.02520220852713,374.97577153476846,187.02520220852713,364.0719159711367,188.3881841539811,336.81227706205743,125.69101466309868,353.16806040750504,127.05399660855264,370.8868256984066,128.41697855400665,,,,,,,793.6850123340605,110.16798847870415,792.1898447191684,118.39141036061086,789.9470932968302,129.60516747230184,,,,,,,,,,,,,,,,,,,,,,,,,,,,,,,,,,,,,,,,,,,,,,,,,,,,,,,,,,,,,,,,,,,,,,,,,,,,,,,,,,,,,,,,,,,,,,,,,,,,,,,,,,,,,,,,,,,,,,,,,,,,,,,,,,,,
labeled-data,Fish4,img093.png,530.3557133165205,249.72237169940948,479.92538133472374,255.17429948122535,421.31715768020325,272.8930647721269,,,,,,,586.2379730801331,356.0349634448188,575.3341175165014,358.7609273357267,560.3413161165078,365.57583706299647,590.326918916495,343.7681259357331,608.0456842073964,343.7681259357331,629.8533953346599,345.13110788118706,387.24260904385415,184.29923831761917,379.06471737113037,184.29923831761917,358.6199881893209,184.29923831761917,315.004565934794,118.87610493582886,331.36034928024156,120.23908688128284,342.2642048438733,127.05399660855264,,,,,,,792.1898447191684,109.42040467125808,790.6946771042763,119.13899416805693,788.4519256819381,125.86724843507152,,,,,,,,,,,,,,,,,,,,,,,,,,,,,,,,,,,,,,,,,,,,,,,,,,,,,,,,,,,,,,,,,,,,,,,,,,,,,,,,,,,,,,,,,,,,,,,,,,,,,,,,,,,,,,,,,,,,,,,,,,,,,,,,,,,,
labeled-data,Fish4,img104.png,571.2451716801395,251.0853536448635,497.64414662562535,242.90746197213966,434.94697713474295,246.99640780850157,426.7690854620191,306.96761340847604,417.2282118438414,319.23445091756173,,,598.5048105892188,347.85707177209497,586.2379730801331,353.3089995539109,573.9711355710474,361.4868912266346,639.3942689528377,339.67918009937114,628.490413389206,342.40514399027916,617.5865578255742,346.494089826641,398.1464646074859,181.57327442671127,383.15366320749223,176.1213466448954,370.8868256984066,181.57327442671127,291.8338728620766,109.33523131765114,305.46369231661623,109.33523131765114,317.7305298257019,114.78715909946698,,,,,,,794.4325961415066,103.43973421168955,788.4519256819381,108.67282086381202,783.2188390298156,116.89624274571874,,,,,,,,,,,,,,,,,,,,,,,,,,,,,,,,,,,,,,,,,,,,,,,,,,,,,,,,,,,,,,,,,,,,,,,,,,,,,,,,,,,,,,,,,,,,,,,,,,,,,,,,,,,,,,,,,,,,,,,,,,,,,,,,,,,,
labeled-data,Fish4,img109.png,602.3035576278678,259.68474996791724,526.0500092683692,241.74273858921168,450.5440447163166,238.75240335942743,,,416.1551895737976,300.80185937745085,412.4172705365673,309.02528125935754,608.2842280874363,341.9189687869844,594.8277195534072,347.89963924655297,579.1284595970398,356.12306112845965,647.9061698820777,344.1617202093226,635.1972451554947,345.6568878242148,624.7310718512498,347.89963924655297,405.6890162695527,175.20777972651183,396.7180105801999,177.45053114885008,381.7663344312786,176.702947341404,290.5611099228587,104.93490182658171,296.5417803824272,107.92523705636596,304.0176184568878,110.91557228615021,,,,,,,792.9374285266144,98.20664755956712,788.4519256819381,104.18731801913565,783.9664228372617,112.41073990104236,,,,,,,,,,,,,,,,,,,,,,,,,,,,,,,,,,,,,,,,,,,,,,,,,,,,,,,,,,,,,,,,,,,,,,,,,,,,,,,,,,,,,,,,,,,,,,,,,,,,,,,,,,,,,,,,,,,,,,,,,,,,,,,,,,,,
labeled-data,Fish4,img111.png,623.9834880438037,267.90817184982393,534.2734311502759,244.73307381899593,446.8061256790863,234.266900514751,418.39794099613584,299.3066917625587,412.4172705365673,306.0349460295733,410.1745191142291,309.02528125935754,609.7793957023284,339.6762173646462,591.8373843236229,347.89963924655297,576.1381243672555,358.36581255079784,649.40133749697,341.17138497953835,635.1972451554947,340.4238011720923,626.973823273588,346.40447163166084,410.92210292167516,175.9553635339579,397.465594387646,175.20777972651183,387.74700489084717,176.702947341404,290.5611099228587,103.43973421168955,294.299028960089,106.43006944147383,298.0369479973193,107.92523705636596,,,,,,,793.6850123340605,96.71147994467499,786.2091742595999,105.68248563402777,783.9664228372617,116.89624274571874,,,,,,,,,,,,,,,,,,,,,,,,,,,,,,,,,,,,,,,,,,,,,,,,,,,,,,,,,,,,,,,,,,,,,,,,,,,,,,,,,,,,,,,,,,,,,,,,,,,,,,,,,,,,,,,,,,,,,,,,,,,,,,,,,,,,
labeled-data,Fish4,img115.png,649.40133749697,267.90817184982393,545.4871882619668,246.97582524133412,458.7674665982234,229.78139767007463,419.89310861102797,302.297026992343,414.6600219589055,301.5494431848969,411.6696867291212,306.0349460295733,613.5173147395587,337.43346594230803,598.5656385906375,345.6568878242148,581.3712110193779,351.6375582837833,645.6634184597395,332.94796309763166,638.935164192725,337.43346594230803,632.9544937331565,344.1617202093226,414.6600219589055,172.21744449672758,399.70834580998417,172.96502830417364,389.98975631318535,176.702947341404,286.8231908856283,95.9638961372289,286.8231908856283,102.69215040424349,287.5707746930744,111.6631560935963,,,,,,,794.4325961415066,96.71147994467499,786.9567580670459,104.18731801913565,782.4712552223696,111.6631560935963,,,,,,,,,,,,,,,,,,,,,,,,,,,,,,,,,,,,,,,,,,,,,,,,,,,,,,,,,,,,,,,,,,,,,,,,,,,,,,,,,,,,,,,,,,,,,,,,,,,,,,,,,,,,,,,,,,,,,,,,,,,,,,,,,,,,
labeled-data,Fish4,img117.png,655.3820079565385,264.1702528125936,550.7202749140893,238.00481955198137,463.25296944289977,230.5289814775207,410.9221029216751,310.52044887424967,413.9124381514594,303.7921946072351,417.6503571886898,297.81152414766655,617.2552337767892,337.43346594230803,601.5559738204217,347.89963924655297,585.1091300566084,355.3754773210136,651.6440889193082,334.4431307125238,644.1682508448474,338.92863355720016,634.4496613480486,345.6568878242148,416.1551895737976,172.96502830417364,404.1938486546606,174.46019591906577,390.7373401206314,175.9553635339579,287.5707746930744,95.21631232978284,288.31835850052045,104.93490182658171,288.31835850052045,109.42040467125808,,,,,,,791.4422609117223,94.46872852233678,786.2091742595999,104.18731801913565,780.2285038000314,112.41073990104236,,,,,,,,,,,,,,,,,,,,,,,,,,,,,,,,,,,,,,,,,,,,,,,,,,,,,,,,,,,,,,,,,,,,,,,,,,,,,,,,,,,,,,,,,,,,,,,,,,,,,,,,,,,,,,,,,,,,,,,,,,,,,,,,,,,,
