scorer,,,Michael,Michael,Michael,Michael,Michael,Michael,Michael,Michael,Michael,Michael,Michael,Michael,Michael,Michael,Michael,Michael,Michael,Michael,Michael,Michael,Michael,Michael,Michael,Michael,Michael,Michael,Michael,Michael,Michael,Michael,Michael,Michael,Michael,Michael,Michael,Michael,Michael,Michael,Michael,Michael,Michael,Michael,Michael,Michael,Michael,Michael,Michael,Michael,Michael,Michael,Michael,Michael,Michael,Michael,Michael,Michael,Michael,Michael,Michael,Michael,Michael,Michael,Michael,Michael,Michael,Michael,Michael,Michael,Michael,Michael,Michael,Michael,Michael,Michael,Michael,Michael,Michael,Michael,Michael,Michael,Michael,Michael,Michael,Michael,Michael,Michael,Michael,Michael,Michael,Michael,Michael,Michael,Michael,Michael,Michael,Michael,Michael,Michael,Michael,Michael,Michael,Michael,Michael,Michael,Michael,Michael,Michael,Michael,Michael,Michael,Michael,Michael,Michael,Michael,Michael,Michael,Michael,Michael,Michael,Michael,Michael,Michael,Michael,Michael,Michael,Michael,Michael,Michael,Michael,Michael,Michael,Michael,Michael,Michael,Michael,Michael,Michael,Michael,Michael,Michael,Michael,Michael,Michael,Michael,Michael,Michael,Michael,Michael,Michael,Michael,Michael,Michael,Michael,Michael,Michael,Michael,Michael,Michael,Michael,Michael,Michael,Michael,Michael,Michael,Michael,Michael,Michael,Michael,Michael,Michael,Michael,Michael,Michael,Michael,Michael,Michael,Michael,Michael,Michael,Michael
individuals,,,fish1,fish1,fish1,fish1,fish1,fish1,fish2,fish2,fish2,fish2,fish2,fish2,fish3,fish3,fish3,fish3,fish3,fish3,fish4,fish4,fish4,fish4,fish4,fish4,fish5,fish5,fish5,fish5,fish5,fish5,fish6,fish6,fish6,fish6,fish6,fish6,fish7,fish7,fish7,fish7,fish7,fish7,fish8,fish8,fish8,fish8,fish8,fish8,fish9,fish9,fish9,fish9,fish9,fish9,fish10,fish10,fish10,fish10,fish10,fish10,fish11,fish11,fish11,fish11,fish11,fish11,fish12,fish12,fish12,fish12,fish12,fish12,fish13,fish13,fish13,fish13,fish13,fish13,fish14,fish14,fish14,fish14,fish14,fish14,fish15,fish15,fish15,fish15,fish15,fish15,fish16,fish16,fish16,fish16,fish16,fish16,fish17,fish17,fish17,fish17,fish17,fish17,fish18,fish18,fish18,fish18,fish18,fish18,fish19,fish19,fish19,fish19,fish19,fish19,fish20,fish20,fish20,fish20,fish20,fish20,fish21,fish21,fish21,fish21,fish21,fish21,fish22,fish22,fish22,fish22,fish22,fish22,fish23,fish23,fish23,fish23,fish23,fish23,fish24,fish24,fish24,fish24,fish24,fish24,fish25,fish25,fish25,fish25,fish25,fish25,fish26,fish26,fish26,fish26,fish26,fish26,fish27,fish27,fish27,fish27,fish27,fish27,fish28,fish28,fish28,fish28,fish28,fish28,fish29,fish29,fish29,fish29,fish29,fish29,fish30,fish30,fish30,fish30,fish30,fish30
bodyparts,,,head,head,torso,torso,tail,tail,head,head,torso,torso,tail,tail,head,head,torso,torso,tail,tail,head,head,torso,torso,tail,tail,head,head,torso,torso,tail,tail,head,head,torso,torso,tail,tail,head,head,torso,torso,tail,tail,head,head,torso,torso,tail,tail,head,head,torso,torso,tail,tail,head,head,torso,torso,tail,tail,head,head,torso,torso,tail,tail,head,head,torso,torso,tail,tail,head,head,torso,torso,tail,tail,head,head,torso,torso,tail,tail,head,head,torso,torso,tail,tail,head,head,torso,torso,tail,tail,head,head,torso,torso,tail,tail,head,head,torso,torso,tail,tail,head,head,torso,torso,tail,tail,head,head,torso,torso,tail,tail,head,head,torso,torso,tail,tail,head,head,torso,torso,tail,tail,head,head,torso,torso,tail,tail,head,head,torso,torso,tail,tail,head,head,torso,torso,tail,tail,head,head,torso,torso,tail,tail,head,head,torso,torso,tail,tail,head,head,torso,torso,tail,tail,head,head,torso,torso,tail,tail,head,head,torso,torso,tail,tail
coords,,,x,y,x,y,x,y,x,y,x,y,x,y,x,y,x,y,x,y,x,y,x,y,x,y,x,y,x,y,x,y,x,y,x,y,x,y,x,y,x,y,x,y,x,y,x,y,x,y,x,y,x,y,x,y,x,y,x,y,x,y,x,y,x,y,x,y,x,y,x,y,x,y,x,y,x,y,x,y,x,y,x,y,x,y,x,y,x,y,x,y,x,y,x,y,x,y,x,y,x,y,x,y,x,y,x,y,x,y,x,y,x,y,x,y,x,y,x,y,x,y,x,y,x,y,x,y,x,y,x,y,x,y,x,y,x,y,x,y,x,y,x,y,x,y,x,y,x,y,x,y,x,y,x,y,x,y,x,y,x,y,x,y,x,y,x,y,x,y,x,y,x,y,x,y,x,y,x,y,x,y
labeled-data,Fish0,img001.png,,,,,,,319.33832684547485,321.5351841553664,,,,,652.0131211589738,111.46413426302206,661.7317106557726,111.46413426302206,677.4309706121401,117.44480472259059,90.57768176697891,41.938840170537986,98.80110364888563,46.42434301521439,107.77210933823844,51.65742966733686,388.8636209379589,50.1622620524447,391.85395616774315,50.1622620524447,397.8346266273117,51.65742966733686,493.525353980408,54.64776489712111,499.5060244399765,54.64776489712111,504.73911109209905,55.39534870456717,,,,,,,,,,,,,,,,,,,,,,,,,,,,,,,,,,,,,,,,,,,,,,,,,,,,,,,,,,,,,,,,,,,,,,,,,,,,,,,,,,,,,,,,,,,,,,,,,,,,,,,,,,,,,,,,,,,,,,,,,,,,,,,,,,,,,,,,,,,,,,,,
labeled-data,Fish0,img013.png,120.1920508393763,230.64062446305405,3.110376295789308,273.6898204788182,,,301.4686495847536,324.68637869937766,309.6465412574774,317.87146897210783,317.8244329302012,315.1455050811999,627.2213345482512,107.97224937219718,644.9400998391528,107.97224937219718,658.5699192936925,113.42417715401305,79.30259247575735,41.186134044952894,90.20644803938907,38.46017015404496,99.74732165756683,41.186134044952894,409.7959675464487,51.65742966733686,415.77663800601727,53.15259728222898,420.26214085069364,55.39534870456717,521.1859548559124,54.64776489712111,526.4190415080349,54.64776489712111,531.6521281601573,56.14293251201323,,,,,,,,,,,,,,,,,,,,,,,,,,,,,,,,,,,,,,,,,,,,,,,,,,,,,,,,,,,,,,,,,,,,,,,,,,,,,,,,,,,,,,,,,,,,,,,,,,,,,,,,,,,,,,,,,,,,,,,,,,,,,,,,,,,,,,,,,,,,,,,,
labeled-data,Fish0,img019.png,176.07431060298887,210.1958952812446,52.04295356667805,253.81131753577148,,,286.47584818476,321.9604148084697,301.4686495847536,320.59743286301574,316.4614509847473,320.59743286301574,,,632.5759421653761,109.96896664812994,648.2752021217435,112.21171807046812,77.12117323294976,42.68642397798408,87.58734653719466,41.191256363091924,98.80110364888563,41.191256363091924,421.0097246581397,53.900181089675044,424.74764369537,53.900181089675044,431.47589796238464,54.64776489712111,535.3900471973876,56.14293251201323,541.3707176569562,56.890516319459294,545.8562205016326,56.890516319459294,,,,,,,,,,,,,,,,,,,,,,,,,,,,,,,,,,,,,,,,,,,,,,,,,,,,,,,,,,,,,,,,,,,,,,,,,,,,,,,,,,,,,,,,,,,,,,,,,,,,,,,,,,,,,,,,,,,,,,,,,,,,,,,,,,,,,,,,,,,,,,,,
labeled-data,Fish0,img025.png,204.6969314575221,196.56607582670495,98.38433971211286,244.2704439175937,,,261.94217316658865,342.4051439902792,279.6609384574902,330.1383064811935,297.37970374839176,315.1455050811999,,,632.6732623300671,112.0611952085591,644.9400998391528,112.0611952085591,69.7617188575796,43.91209793586083,79.30259247575735,42.549115990406875,97.0213577666589,43.91209793586083,429.9807303474925,56.890516319459294,434.4662331921689,56.14293251201323,441.19448745918345,56.890516319459294,544.3610528867405,58.38568393435145,548.0989719239708,58.38568393435145,554.8272261909854,58.38568393435145,,,,,,,,,,,,,,,,,,,,,,,,,,,,,,,,,,,,,,,,,,,,,,,,,,,,,,,,,,,,,,,,,,,,,,,,,,,,,,,,,,,,,,,,,,,,,,,,,,,,,,,,,,,,,,,,,,,,,,,,,,,,,,,,,,,,,,,,,,,,,,,,
labeled-data,Fish0,img028.png,235.60894041151556,205.65969400122628,142.9085482882035,234.81546249162284,2.9756035303352952,315.1455050811999,234.68253425750936,350.583035663003,251.0383176029569,343.76812593573317,276.93497456658224,334.2272523175554,,,,,628.5843164937052,112.0611952085591,69.7617188575796,43.91209793586083,77.93961053030338,42.549115990406875,87.48048414848114,41.186134044952894,440.4469036517374,59.88085154924357,444.1848226889677,59.88085154924357,450.16549314853626,59.13326774179751,553.3320585760932,59.13326774179751,557.8175614207696,59.88085154924357,,,,,,,,,,,,,,,,,,,,,,,,,,,,,,,,,,,,,,,,,,,,,,,,,,,,,,,,,,,,,,,,,,,,,,,,,,,,,,,,,,,,,,,,,,,,,,,,,,,,,,,,,,,,,,,,,,,,,,,,,,,,,,,,,,,,,,,,,,,,,,,,,,
labeled-data,Fish0,img037.png,,,184.25220227571265,218.37378695396836,13.879459093967043,301.51568562666023,181.5262383848047,365.5758370629966,197.8820217302523,360.1239092811807,214.23780507569987,358.76092733572676,,,,,,,57.49488134849392,46.63806182676876,69.7617188575796,45.27507988131481,80.66557442121132,45.27507988131481,465.11716929745756,60.628435356689636,456.8937474155508,60.628435356689636,450.9130769559823,60.628435356689636,,,,,,,,,,,,,,,,,,,,,,,,,,,,,,,,,,,,,,,,,,,,,,,,,,,,,,,,,,,,,,,,,,,,,,,,,,,,,,,,,,,,,,,,,,,,,,,,,,,,,,,,,,,,,,,,,,,,,,,,,,,,,,,,,,,,,,,,,,,,,,,,,,,,,,
labeled-data,Fish0,img039.png,,,218.41451284025607,214.6306996905791,13.57654960003422,289.3890804351856,168.3263977413697,375.3612182914831,183.278073890291,370.1281316393606,208.69592334345722,360.4095421425618,,,,,,,59.179161854244185,47.919510630106515,71.14050277338123,48.66709443755258,79.36392465528795,50.1622620524447,469.6026721421339,62.12360297158176,463.62200168256544,61.3760191641357,456.8937474155508,62.12360297158176,,,,,,,,,,,,,,,,,,,,,,,,,,,,,,,,,,,,,,,,,,,,,,,,,,,,,,,,,,,,,,,,,,,,,,,,,,,,,,,,,,,,,,,,,,,,,,,,,,,,,,,,,,,,,,,,,,,,,,,,,,,,,,,,,,,,,,,,,,,,,,,,,,,,,,
labeled-data,Fish0,img043.png,,,228.880686144501,207.90244542356447,33.76131240107797,290.13666424263164,146.6464673254338,383.5846401733898,159.35539205201692,372.3708830616988,178.7925710456146,364.8950449872382,,,,,,,53.94607520212173,51.65742966733686,64.41224850636665,50.1622620524447,76.37358942550368,50.1622620524447,476.33092640914856,63.618770586473886,471.8454235644722,60.628435356689636,467.3599207197957,62.12360297158176,,,,,,,,,,,,,,,,,,,,,,,,,,,,,,,,,,,,,,,,,,,,,,,,,,,,,,,,,,,,,,,,,,,,,,,,,,,,,,,,,,,,,,,,,,,,,,,,,,,,,,,,,,,,,,,,,,,,,,,,,,,,,,,,,,,,,,,,,,,,,,,,,,,,,,
labeled-data,Fish0,img044.png,,,227.38551852960882,207.90244542356447,65.90741612125878,281.1656585532789,,,,,,,146.6464673254338,385.827391595728,160.85055966690905,373.866050676591,174.30706820093823,371.62329925425274,56.188826624459935,51.65742966733686,65.90741612125878,51.65742966733686,78.61634084784188,50.1622620524447,477.8260940240407,65.86152200881207,472.59300737191825,62.12360297158176,468.8550883346878,62.87118677902782,,,,,,,,,,,,,,,,,,,,,,,,,,,,,,,,,,,,,,,,,,,,,,,,,,,,,,,,,,,,,,,,,,,,,,,,,,,,,,,,,,,,,,,,,,,,,,,,,,,,,,,,,,,,,,,,,,,,,,,,,,,,,,,,,,,,,,,,,,,,,,,,,,,,,,
labeled-data,Fish0,img046.png,,,237.85169183385375,215.37828349802516,132.44237498395856,278.9229071309407,,,148.14163494032593,379.0991373287134,157.1126406296787,373.11846686914487,,,,,,,52.45090758722961,52.40501347478292,63.664664698920575,51.65742966733686,76.37358942550368,52.40501347478292,483.0591806761631,65.86152200881207,478.57367783148675,63.618770586473886,473.3405911793643,64.36635439391995,,,,,,,,,,,,,,,,,,,,,,,,,,,,,,,,,,,,,,,,,,,,,,,,,,,,,,,,,,,,,,,,,,,,,,,,,,,,,,,,,,,,,,,,,,,,,,,,,,,,,,,,,,,,,,,,,,,,,,,,,,,,,,,,,,,,,,,,,,,,,,,,,,,,,,
labeled-data,Fish0,img048.png,,,238.5992756412998,212.38794826824085,168.3263977413697,278.9229071309407,,,157.1126406296787,370.8757154468067,151.1319701701102,377.6039697138213,,,,,,,51.703323779783545,53.900181089675044,62.91708089147451,52.40501347478292,74.1308380031655,53.15259728222898,486.79709971339344,65.11393820136601,477.0785102165946,64.36635439391995,474.83575879425644,65.86152200881207,,,,,,,,,,,,,,,,,,,,,,,,,,,,,,,,,,,,,,,,,,,,,,,,,,,,,,,,,,,,,,,,,,,,,,,,,,,,,,,,,,,,,,,,,,,,,,,,,,,,,,,,,,,,,,,,,,,,,,,,,,,,,,,,,,,,,,,,,,,,,,,,,,,,,,
labeled-data,Fish0,img055.png,,,,,272.9881307838188,248.27197102565202,,,,,,,,,,,,,44.975069512768954,55.39534870456717,56.188826624459935,53.900181089675044,68.89775135104304,56.14293251201323,501.7487758623147,68.10427343115029,495.7681054027462,65.86152200881207,489.0398511357316,66.60910581625816,,,,,,,,,,,,,,,,,,,,,,,,,,,,,,,,,,,,,,,,,,,,,,,,,,,,,,,,,,,,,,,,,,,,,,,,,,,,,,,,,,,,,,,,,,,,,,,,,,,,,,,,,,,,,,,,,,,,,,,,,,,,,,,,,,,,,,,,,,,,,,,,,,,,,,
labeled-data,Fish0,img066.png,,,,,,,254.29853559766718,200.42660734910385,246.82269752320656,231.07754345439253,,,,,,,,,32.26614478618585,64.36635439391995,43.47990189787683,60.628435356689636,57.68399423935206,58.38568393435145,,,,,,,,,,,,,,,,,,,,,,,,,,,,,,,,,,,,,,,,,,,,,,,,,,,,,,,,,,,,,,,,,,,,,,,,,,,,,,,,,,,,,,,,,,,,,,,,,,,,,,,,,,,,,,,,,,,,,,,,,,,,,,,,,,,,,,,,,,,,,,,,,,,,,,,,,,,,
labeled-data,Fish0,img069.png,,,270.7453793614806,210.14519684590266,231.87102137428525,226.5920406097161,,,,,,,,,,,,,30.770977171293723,61.3760191641357,42.73231809043075,60.628435356689636,51.703323779783545,60.628435356689636,,,,,,,,,,,,,,,,,,,,,,,,,,,,,,,,,,,,,,,,,,,,,,,,,,,,,,,,,,,,,,,,,,,,,,,,,,,,,,,,,,,,,,,,,,,,,,,,,,,,,,,,,,,,,,,,,,,,,,,,,,,,,,,,,,,,,,,,,,,,,,,,,,,,,,,,,,,,
labeled-data,Fish0,img084.png,,,264.7647089019121,191.45560165975104,277.4736336284952,222.85412157248578,,,,,,,,,,,,,14.324133407480282,74.08494389071879,22.547555289387006,70.34702485348848,32.26614478618585,65.86152200881207,,,,,,,,,,,,,,,,,,,,,,,,,,,,,,,,,,,,,,,,,,,,,,,,,,,,,,,,,,,,,,,,,,,,,,,,,,,,,,,,,,,,,,,,,,,,,,,,,,,,,,,,,,,,,,,,,,,,,,,,,,,,,,,,,,,,,,,,,,,,,,,,,,,,,,,,,,,,
labeled-data,Fish0,img090.png,,,262.5219574795739,190.70801785230498,287.19222312529405,214.6306996905791,,,,,,,,,,,,,4.605543910681433,83.0559495800716,14.324133407480282,76.327695313057,24.04272290427913,71.8421924683806,,,,,,,,,,,,,,,,,,,,,,,,,,,,,,,,,,,,,,,,,,,,,,,,,,,,,,,,,,,,,,,,,,,,,,,,,,,,,,,,,,,,,,,,,,,,,,,,,,,,,,,,,,,,,,,,,,,,,,,,,,,,,,,,,,,,,,,,,,,,,,,,,,,,,,,,,,,,
labeled-data,Fish0,img107.png,,,278.96880124338736,172.01842266615336,257.28887082745143,201.92177496399597,,,,,,,,,,,,,,,0.12004106600504372,97.26004192154682,5.353127718127503,92.02695526942438,,,,,,,,,,,,,,,,,,,,,,,,,,,,,,,,,,,,,,,,,,,,,,,,,,,,,,,,,,,,,,,,,,,,,,,,,,,,,,,,,,,,,,,,,,,,,,,,,,,,,,,,,,,,,,,,,,,,,,,,,,,,,,,,,,,,,,,,,,,,,,,,,,,,,,,,,,,,
