scorer,,,Michael,Michael,Michael,Michael,Michael,Michael,Michael,Michael,Michael,Michael,Michael,Michael,Michael,Michael,Michael,Michael,Michael,Michael,Michael,Michael,Michael,Michael,Michael,Michael,Michael,Michael,Michael,Michael,Michael,Michael,Michael,Michael,Michael,Michael,Michael,Michael,Michael,Michael,Michael,Michael,Michael,Michael,Michael,Michael,Michael,Michael,Michael,Michael,Michael,Michael,Michael,Michael,Michael,Michael,Michael,Michael,Michael,Michael,Michael,Michael,Michael,Michael,Michael,Michael,Michael,Michael,Michael,Michael,Michael,Michael,Michael,Michael,Michael,Michael,Michael,Michael,Michael,Michael,Michael,Michael,Michael,Michael,Michael,Michael,Michael,Michael,Michael,Michael,Michael,Michael,Michael,Michael,Michael,Michael,Michael,Michael,Michael,Michael,Michael,Michael,Michael,Michael,Michael,Michael,Michael,Michael,Michael,Michael,Michael,Michael,Michael,Michael,Michael,Michael,Michael,Michael,Michael,Michael,Michael,Michael,Michael,Michael,Michael,Michael,Michael,Michael,Michael,Michael,Michael,Michael,Michael,Michael,Michael,Michael,Michael,Michael,Michael,Michael,Michael,Michael,Michael,Michael,Michael,Michael,Michael,Michael,Michael,Michael,Michael,Michael,Michael,Michael,Michael,Michael,Michael,Michael,Michael,Michael,Michael,Michael,Michael,Michael,Michael,Michael,Michael,Michael,Michael,Michael,Michael,Michael,Michael,Michael,Michael,Michael,Michael,Michael,Michael,Michael,Michael,Michael
individuals,,,fish1,fish1,fish1,fish1,fish1,fish1,fish2,fish2,fish2,fish2,fish2,fish2,fish3,fish3,fish3,fish3,fish3,fish3,fish4,fish4,fish4,fish4,fish4,fish4,fish5,fish5,fish5,fish5,fish5,fish5,fish6,fish6,fish6,fish6,fish6,fish6,fish7,fish7,fish7,fish7,fish7,fish7,fish8,fish8,fish8,fish8,fish8,fish8,fish9,fish9,fish9,fish9,fish9,fish9,fish10,fish10,fish10,fish10,fish10,fish10,fish11,fish11,fish11,fish11,fish11,fish11,fish12,fish12,fish12,fish12,fish12,fish12,fish13,fish13,fish13,fish13,fish13,fish13,fish14,fish14,fish14,fish14,fish14,fish14,fish15,fish15,fish15,fish15,fish15,fish15,fish16,fish16,fish16,fish16,fish16,fish16,fish17,fish17,fish17,fish17,fish17,fish17,fish18,fish18,fish18,fish18,fish18,fish18,fish19,fish19,fish19,fish19,fish19,fish19,fish20,fish20,fish20,fish20,fish20,fish20,fish21,fish21,fish21,fish21,fish21,fish21,fish22,fish22,fish22,fish22,fish22,fish22,fish23,fish23,fish23,fish23,fish23,fish23,fish24,fish24,fish24,fish24,fish24,fish24,fish25,fish25,fish25,fish25,fish25,fish25,fish26,fish26,fish26,fish26,fish26,fish26,fish27,fish27,fish27,fish27,fish27,fish27,fish28,fish28,fish28,fish28,fish28,fish28,fish29,fish29,fish29,fish29,fish29,fish29,fish30,fish30,fish30,fish30,fish30,fish30
bodyparts,,,head,head,torso,torso,tail,tail,head,head,torso,torso,tail,tail,head,head,torso,torso,tail,tail,head,head,torso,torso,tail,tail,head,head,torso,torso,tail,tail,head,head,torso,torso,tail,tail,head,head,torso,torso,tail,tail,head,head,torso,torso,tail,tail,head,head,torso,torso,tail,tail,head,head,torso,torso,tail,tail,head,head,torso,torso,tail,tail,head,head,torso,torso,tail,tail,head,head,torso,torso,tail,tail,head,head,torso,torso,tail,tail,head,head,torso,torso,tail,tail,head,head,torso,torso,tail,tail,head,head,torso,torso,tail,tail,head,head,torso,torso,tail,tail,head,head,torso,torso,tail,tail,head,head,torso,torso,tail,tail,head,head,torso,torso,tail,tail,head,head,torso,torso,tail,tail,head,head,torso,torso,tail,tail,head,head,torso,torso,tail,tail,head,head,torso,torso,tail,tail,head,head,torso,torso,tail,tail,head,head,torso,torso,tail,tail,head,head,torso,torso,tail,tail,head,head,torso,torso,tail,tail,head,head,torso,torso,tail,tail
coords,,,x,y,x,y,x,y,x,y,x,y,x,y,x,y,x,y,x,y,x,y,x,y,x,y,x,y,x,y,x,y,x,y,x,y,x,y,x,y,x,y,x,y,x,y,x,y,x,y,x,y,x,y,x,y,x,y,x,y,x,y,x,y,x,y,x,y,x,y,x,y,x,y,x,y,x,y,x,y,x,y,x,y,x,y,x,y,x,y,x,y,x,y,x,y,x,y,x,y,x,y,x,y,x,y,x,y,x,y,x,y,x,y,x,y,x,y,x,y,x,y,x,y,x,y,x,y,x,y,x,y,x,y,x,y,x,y,x,y,x,y,x,y,x,y,x,y,x,y,x,y,x,y,x,y,x,y,x,y,x,y,x,y,x,y,x,y,x,y,x,y,x,y,x,y,x,y,x,y,x,y
labeled-data,Fish34,img007.png,133.82187029391596,236.09255224486992,135.18485223936992,221.09975084487633,131.09590640300803,207.46993139033663,171.98536476662696,248.3593897539556,163.80747309390318,242.90746197213974,148.81467169390956,241.5444800266858,53.40593551213202,286.52288422666663,46.5910257848622,276.98201060848885,45.22804383940823,271.530082826673,103.83626749392872,287.8858661721206,117.46608694846836,293.33779395393645,128.3699425121001,296.06375784484436,166.53343698481112,326.0493606448316,174.7113286575349,328.7753245357395,188.34114811207453,334.2272523175554,107.9252133302906,409.1912593175235,35.68717022123048,403.73933153570766,,,,,,,,,,,,,,,,,,,,,,,,,,,,,,,,,,,,,,,,,,,,,,,,,,,,,,,,,,,,,,,,,,,,,,,,,,,,,,,,,,,,,,,,,,,,,,,,,,,,,,,,,,,,,,,,,,,,,,,,,,,,,,,,,,,,,,,,,,,,,,,,,,
