scorer,,,Michael,Michael,Michael,Michael,Michael,Michael,Michael,Michael,Michael,Michael,Michael,Michael,Michael,Michael,Michael,Michael,Michael,Michael,Michael,Michael,Michael,Michael,Michael,Michael,Michael,Michael,Michael,Michael,Michael,Michael,Michael,Michael,Michael,Michael,Michael,Michael,Michael,Michael,Michael,Michael,Michael,Michael,Michael,Michael,Michael,Michael,Michael,Michael,Michael,Michael,Michael,Michael,Michael,Michael,Michael,Michael,Michael,Michael,Michael,Michael,Michael,Michael,Michael,Michael,Michael,Michael,Michael,Michael,Michael,Michael,Michael,Michael,Michael,Michael,Michael,Michael,Michael,Michael,Michael,Michael,Michael,Michael,Michael,Michael,Michael,Michael,Michael,Michael,Michael,Michael,Michael,Michael,Michael,Michael,Michael,Michael,Michael,Michael,Michael,Michael,Michael,Michael,Michael,Michael,Michael,Michael,Michael,Michael,Michael,Michael,Michael,Michael,Michael,Michael,Michael,Michael,Michael,Michael,Michael,Michael,Michael,Michael,Michael,Michael,Michael,Michael,Michael,Michael,Michael,Michael,Michael,Michael,Michael,Michael,Michael,Michael,Michael,Michael,Michael,Michael,Michael,Michael,Michael,Michael,Michael,Michael,Michael,Michael,Michael,Michael,Michael,Michael,Michael,Michael,Michael,Michael,Michael,Michael,Michael,Michael,Michael,Michael,Michael,Michael,Michael,Michael,Michael,Michael,Michael,Michael,Michael,Michael,Michael,Michael,Michael,Michael,Michael,Michael,Michael,Michael
individuals,,,fish1,fish1,fish1,fish1,fish1,fish1,fish2,fish2,fish2,fish2,fish2,fish2,fish3,fish3,fish3,fish3,fish3,fish3,fish4,fish4,fish4,fish4,fish4,fish4,fish5,fish5,fish5,fish5,fish5,fish5,fish6,fish6,fish6,fish6,fish6,fish6,fish7,fish7,fish7,fish7,fish7,fish7,fish8,fish8,fish8,fish8,fish8,fish8,fish9,fish9,fish9,fish9,fish9,fish9,fish10,fish10,fish10,fish10,fish10,fish10,fish11,fish11,fish11,fish11,fish11,fish11,fish12,fish12,fish12,fish12,fish12,fish12,fish13,fish13,fish13,fish13,fish13,fish13,fish14,fish14,fish14,fish14,fish14,fish14,fish15,fish15,fish15,fish15,fish15,fish15,fish16,fish16,fish16,fish16,fish16,fish16,fish17,fish17,fish17,fish17,fish17,fish17,fish18,fish18,fish18,fish18,fish18,fish18,fish19,fish19,fish19,fish19,fish19,fish19,fish20,fish20,fish20,fish20,fish20,fish20,fish21,fish21,fish21,fish21,fish21,fish21,fish22,fish22,fish22,fish22,fish22,fish22,fish23,fish23,fish23,fish23,fish23,fish23,fish24,fish24,fish24,fish24,fish24,fish24,fish25,fish25,fish25,fish25,fish25,fish25,fish26,fish26,fish26,fish26,fish26,fish26,fish27,fish27,fish27,fish27,fish27,fish27,fish28,fish28,fish28,fish28,fish28,fish28,fish29,fish29,fish29,fish29,fish29,fish29,fish30,fish30,fish30,fish30,fish30,fish30
bodyparts,,,head,head,torso,torso,tail,tail,head,head,torso,torso,tail,tail,head,head,torso,torso,tail,tail,head,head,torso,torso,tail,tail,head,head,torso,torso,tail,tail,head,head,torso,torso,tail,tail,head,head,torso,torso,tail,tail,head,head,torso,torso,tail,tail,head,head,torso,torso,tail,tail,head,head,torso,torso,tail,tail,head,head,torso,torso,tail,tail,head,head,torso,torso,tail,tail,head,head,torso,torso,tail,tail,head,head,torso,torso,tail,tail,head,head,torso,torso,tail,tail,head,head,torso,torso,tail,tail,head,head,torso,torso,tail,tail,head,head,torso,torso,tail,tail,head,head,torso,torso,tail,tail,head,head,torso,torso,tail,tail,head,head,torso,torso,tail,tail,head,head,torso,torso,tail,tail,head,head,torso,torso,tail,tail,head,head,torso,torso,tail,tail,head,head,torso,torso,tail,tail,head,head,torso,torso,tail,tail,head,head,torso,torso,tail,tail,head,head,torso,torso,tail,tail,head,head,torso,torso,tail,tail,head,head,torso,torso,tail,tail
coords,,,x,y,x,y,x,y,x,y,x,y,x,y,x,y,x,y,x,y,x,y,x,y,x,y,x,y,x,y,x,y,x,y,x,y,x,y,x,y,x,y,x,y,x,y,x,y,x,y,x,y,x,y,x,y,x,y,x,y,x,y,x,y,x,y,x,y,x,y,x,y,x,y,x,y,x,y,x,y,x,y,x,y,x,y,x,y,x,y,x,y,x,y,x,y,x,y,x,y,x,y,x,y,x,y,x,y,x,y,x,y,x,y,x,y,x,y,x,y,x,y,x,y,x,y,x,y,x,y,x,y,x,y,x,y,x,y,x,y,x,y,x,y,x,y,x,y,x,y,x,y,x,y,x,y,x,y,x,y,x,y,x,y,x,y,x,y,x,y,x,y,x,y,x,y,x,y,x,y,x,y
labeled-data,Fish14,img006.png,740.3488360209303,23.467368754051336,781.2382943845492,5.748603463149806,,,408.5134071432666,121.6135379516447,420.88104190872167,116.52098245998671,433.9761846015565,114.33845867784758,492.17681879193344,223.4646477848044,503.81694563000883,230.01221913122183,518.3671041776031,233.64975876812036,319.029932075562,216.917076438387,340.8551698969534,230.73972705860152,359.04286808144616,243.83486975143634,,,,,,,,,,,,,,,,,,,,,,,,,,,,,,,,,,,,,,,,,,,,,,,,,,,,,,,,,,,,,,,,,,,,,,,,,,,,,,,,,,,,,,,,,,,,,,,,,,,,,,,,,,,,,,,,,,,,,,,,,,,,,,,,,,,,,,,,,,,,,,,,,,,,,,,,,,,,
labeled-data,Fish14,img019.png,694.6169114659696,40.627847189731824,730.0544420477727,24.272063844284276,765.4919726295758,10.642244389744576,406.7636314543186,117.36937400295768,418.57792889164125,116.12576374639741,428.9413476963103,116.33303212249078,489.60546968602773,205.83392357401493,496.88054895982486,214.56401870257145,507.0656599431408,220.38408212160914,321.5511384613142,211.65398699305263,334.64628115414905,223.29411383112802,351.37896348388244,238.57178030610197,,,,,,,,,,,,,,,,,,,,,,,,,,,,,,,,,,,,,,,,,,,,,,,,,,,,,,,,,,,,,,,,,,,,,,,,,,,,,,,,,,,,,,,,,,,,,,,,,,,,,,,,,,,,,,,,,,,,,,,,,,,,,,,,,,,,,,,,,,,,,,,,,,,,,,,,,,,,
labeled-data,Fish14,img035.png,623.3795909085479,60.908612952488966,654.48205657213,44.493422741154035,694.2240960311515,33.26197680708273,404.7983738839301,114.47397048421354,409.9821181611937,113.6100131046696,417.75773457708925,113.6100131046696,467.0033052110941,180.99868870909725,476.5068363860774,189.6382625045367,487.7382823201487,198.27783629997614,317.53867854999163,209.50928223404745,326.178252345431,221.60468554766263,338.27365565904626,232.83613148173393,,,,,,,,,,,,,,,,,,,,,,,,,,,,,,,,,,,,,,,,,,,,,,,,,,,,,,,,,,,,,,,,,,,,,,,,,,,,,,,,,,,,,,,,,,,,,,,,,,,,,,,,,,,,,,,,,,,,,,,,,,,,,,,,,,,,,,,,,,,,,,,,,,,,,,,,,,,,
labeled-data,Fish14,img046.png,583.6375514495267,73.86797364564814,615.6039744926525,64.36444247066476,646.7064401562345,50.541124397961624,396.15880008849064,112.74605572512567,398.7506722271225,110.15418358649382,403.9344165043861,108.42626882740595,447.1322854815833,168.90328539548202,457.49977403611064,175.8149444318336,466.1393478315501,182.72660346818517,308.0351473750082,212.10115437267925,320.13055068862343,222.46864292720662,327.90616710451894,234.5640462408218,,,,,,,,,,,,,,,,,,,,,,,,,,,,,,,,,,,,,,,,,,,,,,,,,,,,,,,,,,,,,,,,,,,,,,,,,,,,,,,,,,,,,,,,,,,,,,,,,,,,,,,,,,,,,,,,,,,,,,,,,,,,,,,,,,,,,,,,,,,,,,,,,,,,,,,,,,,,
labeled-data,Fish14,img058.png,547.3513415086809,79.91567530245575,571.5421481359112,73.0040162661042,603.5085711790373,64.36444247066476,390.9750558112269,106.69835406831803,390.9750558112269,111.88209834558174,393.5669279498588,116.20188524330146,422.077521474809,156.80788208186684,431.5810526497923,160.26371160004263,445.40437072249546,171.49515753411387,294.2118293023051,212.96511175222324,306.3072326159203,222.46864292720662,310.62701951364005,235.42800362036579,,,,,,,,,,,,,,,,,,,,,,,,,,,,,,,,,,,,,,,,,,,,,,,,,,,,,,,,,,,,,,,,,,,,,,,,,,,,,,,,,,,,,,,,,,,,,,,,,,,,,,,,,,,,,,,,,,,,,,,,,,,,,,,,,,,,,,,,,,,,,,,,,,,,,,,,,,,,
labeled-data,Fish14,img070.png,507.60930204965945,94.60295075470282,527.4803217791703,85.09941957971941,549.9432136473126,77.32380316382392,385.7913115339633,119.6577147614772,384.06339677487534,115.33792786375747,380.6075672566996,109.29022620694988,389.24714105213906,146.44039352733947,402.2065017452982,152.4880951841471,416.0298198180014,158.5357968409547,270.8849800546186,220.74072816811875,284.7082981273217,226.7884298249264,296.80370144093695,235.42800362036584,,,,,,,,,,,,,,,,,,,,,,,,,,,,,,,,,,,,,,,,,,,,,,,,,,,,,,,,,,,,,,,,,,,,,,,,,,,,,,,,,,,,,,,,,,,,,,,,,,,,,,,,,,,,,,,,,,,,,,,,,,,,,,,,,,,,,,,,,,,,,,,,,,,,,,,,,,,,
labeled-data,Fish14,img076.png,485.14641018151684,102.37856717059833,505.8813872905716,91.14712123652706,530.936151297346,82.50754744108758,381.4715246362436,123.97750165919692,377.1517377385239,117.0658426228454,379.7436098771556,111.01814096603775,376.2877803589799,142.12060662961974,387.5192262930512,147.30435090688346,396.15880008849064,156.80788208186684,263.1093636387231,225.06051506583847,280.388511229602,230.24425934310213,287.30017026595357,236.29196099990978,,,,,,,,,,,,,,,,,,,,,,,,,,,,,,,,,,,,,,,,,,,,,,,,,,,,,,,,,,,,,,,,,,,,,,,,,,,,,,,,,,,,,,,,,,,,,,,,,,,,,,,,,,,,,,,,,,,,,,,,,,,,,,,,,,,,,,,,,,,,,,,,,,,,,,,,,,,,
labeled-data,Fish14,img083.png,464.4114330724622,111.88209834558174,486.01036756106083,99.7866950319665,509.3372168087473,91.14712123652706,379.7436098771556,125.70541641828484,376.2877803589799,120.52167214102118,368.51216394308443,115.33792786375747,362.4644622862767,138.664777111444,375.4238229794359,143.84852138870767,385.7913115339633,150.7601804250592,251.87791770465185,230.24425934310213,268.29310791598675,231.97217410219005,277.79663909097013,239.7477905180855,,,,,,,,,,,,,,,,,,,,,,,,,,,,,,,,,,,,,,,,,,,,,,,,,,,,,,,,,,,,,,,,,,,,,,,,,,,,,,,,,,,,,,,,,,,,,,,,,,,,,,,,,,,,,,,,,,,,,,,,,,,,,,,,,,,,,,,,,,,,,,,,,,,,,,,,,,,,
labeled-data,Fish14,img101.png,423.80543623389684,122.24958690010905,444.54041334295147,114.47397048421354,460.9556035542865,108.42626882740595,382.3354820157875,133.4810328341803,373.69590822034803,129.16124593646057,368.51216394308443,124.84145903874085,335.68178352041446,136.07290497281215,342.593442556766,136.07290497281215,348.6411442135736,136.9368623523561,223.36732417970165,246.6594495544371,243.2383439092124,239.7477905180855,257.92561936145944,235.42800362036584,,,,,,,,,,,,,,,,,,,,,,,,,,,,,,,,,,,,,,,,,,,,,,,,,,,,,,,,,,,,,,,,,,,,,,,,,,,,,,,,,,,,,,,,,,,,,,,,,,,,,,,,,,,,,,,,,,,,,,,,,,,,,,,,,,,,,,,,,,,,,,,,,,,,,,,,,,,,
labeled-data,Fish14,img116.png,400.47858698621036,139.52873449098794,416.89377719754526,126.56937379782877,435.03688216796814,118.79375738193326,390.11109843168305,138.664777111444,381.4715246362436,133.4810328341803,371.1040360817162,130.8891606955485,320.99450806816736,130.8891606955485,327.90616710451894,131.75311807509243,334.81782614087047,130.8891606955485,211.27192086608642,255.29902334987653,231.14294059559717,244.93153479534922,246.69417342738814,238.88383313854158,,,,,,,,,,,,,,,,,,,,,,,,,,,,,,,,,,,,,,,,,,,,,,,,,,,,,,,,,,,,,,,,,,,,,,,,,,,,,,,,,,,,,,,,,,,,,,,,,,,,,,,,,,,,,,,,,,,,,,,,,,,,,,,,,,,,,,,,,,,,,,,,,,,,,,,,,,,,
labeled-data,Fish14,img123.png,390.11109843168305,142.98456400916373,404.7983738839301,134.3449902137243,425.5333509929847,127.43333117737271,400.47858698621036,139.52873449098794,390.11109843168305,136.07290497281215,378.87965249761174,134.3449902137243,314.08284903181584,133.4810328341803,319.2665933090795,130.02520331600456,327.042209724975,127.43333117737271,204.3602618297349,256.1629807294205,221.6394094206138,250.11527907261288,238.91855701149268,239.7477905180855,,,,,,,,,,,,,,,,,,,,,,,,,,,,,,,,,,,,,,,,,,,,,,,,,,,,,,,,,,,,,,,,,,,,,,,,,,,,,,,,,,,,,,,,,,,,,,,,,,,,,,,,,,,,,,,,,,,,,,,,,,,,,,,,,,,,,,,,,,,,,,,,,,,,,,,,,,,,
labeled-data,Fish14,img138.png,375.4238229794359,149.89622304551526,384.06339677487534,140.39269187053188,400.47858698621036,133.4810328341803,413.43794767936953,141.2566492500758,408.2542034021058,136.9368623523561,397.8867148475785,132.61707545463636,333.0899113817826,140.39269187053188,326.178252345431,132.61707545463636,315.81076379090365,127.43333117737265,202.63234707064697,257.89089548850836,223.36732417970165,253.57110859078867,238.0545996319487,248.38736431352496,,,,,,,,,,,,,,,,,,,,,,,,,,,,,,,,,,,,,,,,,,,,,,,,,,,,,,,,,,,,,,,,,,,,,,,,,,,,,,,,,,,,,,,,,,,,,,,,,,,,,,,,,,,,,,,,,,,,,,,,,,,,,,,,,,,,,,,,,,,,,,,,,,,,,,,,,,,,
labeled-data,Fish14,img147.png,365.0563344249086,154.21600994323498,378.87965249761174,143.84852138870767,392.7029705703148,140.39269187053188,426.3973083725287,141.2566492500758,416.89377719754526,137.80081973190002,409.9821181611937,135.20894759326822,355.55280324992515,141.2566492500758,346.9132294544857,137.80081973190002,340.0015704181342,137.80081973190002,197.44860279338332,263.93859714531595,217.31962252289406,258.75485286805235,239.7825143910366,256.1629807294205,,,,,,,,,,,,,,,,,,,,,,,,,,,,,,,,,,,,,,,,,,,,,,,,,,,,,,,,,,,,,,,,,,,,,,,,,,,,,,,,,,,,,,,,,,,,,,,,,,,,,,,,,,,,,,,,,,,,,,,,,,,,,,,,,,,,,,,,,,,,,,,,,,,,,,,,,,,,
labeled-data,Fish14,img154.png,357.28071800901307,154.21600994323498,375.4238229794359,147.30435090688346,388.38318367259507,142.98456400916373,432.4450100293363,141.2566492500758,428.98918051116044,137.80081973190002,418.62169195663313,134.3449902137243,373.69590822034803,142.98456400916373,366.78424918399645,139.52873449098794,359.00863276810094,136.9368623523561,197.44860279338332,265.6665119044038,218.183579902438,264.80255452485994,236.32668487286082,260.4827676271402,,,,,,,,,,,,,,,,,,,,,,,,,,,,,,,,,,,,,,,,,,,,,,,,,,,,,,,,,,,,,,,,,,,,,,,,,,,,,,,,,,,,,,,,,,,,,,,,,,,,,,,,,,,,,,,,,,,,,,,,,,,,,,,,,,,,,,,,,,,,,,,,,,,,,,,,,,,,
labeled-data,Fish14,img176.png,338.27365565904626,168.90328539548202,352.09697373174936,160.26371160004263,361.6005049067328,152.4880951841471,449.7241576202152,149.89622304551526,448.8602002406712,143.84852138870767,447.1322854815833,138.664777111444,415.1658624384574,151.62413780460318,411.71003292028166,148.1683082864274,403.0704591248422,147.30435090688346,201.76838969110304,272.5781709407554,217.31962252289406,273.4421283202994,230.27898321605323,274.30608569984327,,,,,,,,,,,,,,,,,,,,,,,,,,,,,,,,,,,,,,,,,,,,,,,,,,,,,,,,,,,,,,,,,,,,,,,,,,,,,,,,,,,,,,,,,,,,,,,,,,,,,,,,,,,,,,,,,,,,,,,,,,,,,,,,,,,,,,,,,,,,,,,,,,,,,,,,,,,,
labeled-data,Fish14,img193.png,326.178252345431,179.27077395000939,341.72948517722205,168.03932801593808,,,457.49977403611064,161.9916263591305,459.2276887951985,157.67183946141077,459.2276887951985,148.1683082864274,437.6287543065999,167.17537063639415,434.17292478842415,161.12766897958656,430.7170952702484,156.80788208186684,197.44860279338332,276.8979578384751,212.13587824563035,281.21774473619485,224.2312815592456,283.8096168748267,,,,,,,,,,,,,,,,,,,,,,,,,,,,,,,,,,,,,,,,,,,,,,,,,,,,,,,,,,,,,,,,,,,,,,,,,,,,,,,,,,,,,,,,,,,,,,,,,,,,,,,,,,,,,,,,,,,,,,,,,,,,,,,,,,,,,,,,,,,,,,,,,,,,,,,,,,,,
labeled-data,Fish14,img211.png,308.0351473750082,186.1824329863609,321.85846544771135,181.86264608864118,,,462.68351831337435,172.3591149136578,461.81956093383036,164.5834984977623,463.5474756929182,158.5357968409547,456.63581665656676,179.27077395000939,454.0439445179349,176.67890181137753,450.58811499975906,170.63120015456994,193.99277327520753,279.489829977107,209.54400610699855,286.40148901345856,223.36732417970165,291.58523329072216,,,,,,,,,,,,,,,,,,,,,,,,,,,,,,,,,,,,,,,,,,,,,,,,,,,,,,,,,,,,,,,,,,,,,,,,,,,,,,,,,,,,,,,,,,,,,,,,,,,,,,,,,,,,,,,,,,,,,,,,,,,,,,,,,,,,,,,,,,,,,,,,,,,,,,,,,,,,
labeled-data,Fish14,img227.png,295.939744061393,193.09409202271254,307.17118999546426,183.5905608477291,,,470.4591347292698,179.27077395000939,467.0033052110941,172.3591149136578,467.86726259063795,164.5834984977623,469.59517734972593,187.0463903659049,467.0033052110941,181.86264608864118,466.1393478315501,175.8149444318336,203.4963044501909,284.6735742543707,214.7277503842622,288.1294037725464,226.82315369787744,288.9933611520904,,,,,,,,,,,,,,,,,,,,,,,,,,,,,,,,,,,,,,,,,,,,,,,,,,,,,,,,,,,,,,,,,,,,,,,,,,,,,,,,,,,,,,,,,,,,,,,,,,,,,,,,,,,,,,,,,,,,,,,,,,,,,,,,,,,,,,,,,,,,,,,,,,,,,,,,,,,,
