scorer,,,Michael,Michael,Michael,Michael,Michael,Michael,Michael,Michael,Michael,Michael,Michael,Michael,Michael,Michael,Michael,Michael,Michael,Michael,Michael,Michael,Michael,Michael,Michael,Michael,Michael,Michael,Michael,Michael,Michael,Michael,Michael,Michael,Michael,Michael,Michael,Michael,Michael,Michael,Michael,Michael,Michael,Michael,Michael,Michael,Michael,Michael,Michael,Michael,Michael,Michael,Michael,Michael,Michael,Michael,Michael,Michael,Michael,Michael,Michael,Michael,Michael,Michael,Michael,Michael,Michael,Michael,Michael,Michael,Michael,Michael,Michael,Michael,Michael,Michael,Michael,Michael,Michael,Michael,Michael,Michael,Michael,Michael,Michael,Michael,Michael,Michael,Michael,Michael,Michael,Michael,Michael,Michael,Michael,Michael,Michael,Michael,Michael,Michael,Michael,Michael,Michael,Michael,Michael,Michael,Michael,Michael,Michael,Michael,Michael,Michael,Michael,Michael,Michael,Michael,Michael,Michael,Michael,Michael,Michael,Michael,Michael,Michael,Michael,Michael,Michael,Michael,Michael,Michael,Michael,Michael,Michael,Michael,Michael,Michael,Michael,Michael,Michael,Michael,Michael,Michael,Michael,Michael,Michael,Michael,Michael,Michael,Michael,Michael,Michael,Michael,Michael,Michael,Michael,Michael,Michael,Michael,Michael,Michael,Michael,Michael,Michael,Michael,Michael,Michael,Michael,Michael,Michael,Michael,Michael,Michael,Michael,Michael,Michael,Michael,Michael,Michael,Michael,Michael,Michael,Michael
individuals,,,fish1,fish1,fish1,fish1,fish1,fish1,fish2,fish2,fish2,fish2,fish2,fish2,fish3,fish3,fish3,fish3,fish3,fish3,fish4,fish4,fish4,fish4,fish4,fish4,fish5,fish5,fish5,fish5,fish5,fish5,fish6,fish6,fish6,fish6,fish6,fish6,fish7,fish7,fish7,fish7,fish7,fish7,fish8,fish8,fish8,fish8,fish8,fish8,fish9,fish9,fish9,fish9,fish9,fish9,fish10,fish10,fish10,fish10,fish10,fish10,fish11,fish11,fish11,fish11,fish11,fish11,fish12,fish12,fish12,fish12,fish12,fish12,fish13,fish13,fish13,fish13,fish13,fish13,fish14,fish14,fish14,fish14,fish14,fish14,fish15,fish15,fish15,fish15,fish15,fish15,fish16,fish16,fish16,fish16,fish16,fish16,fish17,fish17,fish17,fish17,fish17,fish17,fish18,fish18,fish18,fish18,fish18,fish18,fish19,fish19,fish19,fish19,fish19,fish19,fish20,fish20,fish20,fish20,fish20,fish20,fish21,fish21,fish21,fish21,fish21,fish21,fish22,fish22,fish22,fish22,fish22,fish22,fish23,fish23,fish23,fish23,fish23,fish23,fish24,fish24,fish24,fish24,fish24,fish24,fish25,fish25,fish25,fish25,fish25,fish25,fish26,fish26,fish26,fish26,fish26,fish26,fish27,fish27,fish27,fish27,fish27,fish27,fish28,fish28,fish28,fish28,fish28,fish28,fish29,fish29,fish29,fish29,fish29,fish29,fish30,fish30,fish30,fish30,fish30,fish30
bodyparts,,,head,head,torso,torso,tail,tail,head,head,torso,torso,tail,tail,head,head,torso,torso,tail,tail,head,head,torso,torso,tail,tail,head,head,torso,torso,tail,tail,head,head,torso,torso,tail,tail,head,head,torso,torso,tail,tail,head,head,torso,torso,tail,tail,head,head,torso,torso,tail,tail,head,head,torso,torso,tail,tail,head,head,torso,torso,tail,tail,head,head,torso,torso,tail,tail,head,head,torso,torso,tail,tail,head,head,torso,torso,tail,tail,head,head,torso,torso,tail,tail,head,head,torso,torso,tail,tail,head,head,torso,torso,tail,tail,head,head,torso,torso,tail,tail,head,head,torso,torso,tail,tail,head,head,torso,torso,tail,tail,head,head,torso,torso,tail,tail,head,head,torso,torso,tail,tail,head,head,torso,torso,tail,tail,head,head,torso,torso,tail,tail,head,head,torso,torso,tail,tail,head,head,torso,torso,tail,tail,head,head,torso,torso,tail,tail,head,head,torso,torso,tail,tail,head,head,torso,torso,tail,tail,head,head,torso,torso,tail,tail
coords,,,x,y,x,y,x,y,x,y,x,y,x,y,x,y,x,y,x,y,x,y,x,y,x,y,x,y,x,y,x,y,x,y,x,y,x,y,x,y,x,y,x,y,x,y,x,y,x,y,x,y,x,y,x,y,x,y,x,y,x,y,x,y,x,y,x,y,x,y,x,y,x,y,x,y,x,y,x,y,x,y,x,y,x,y,x,y,x,y,x,y,x,y,x,y,x,y,x,y,x,y,x,y,x,y,x,y,x,y,x,y,x,y,x,y,x,y,x,y,x,y,x,y,x,y,x,y,x,y,x,y,x,y,x,y,x,y,x,y,x,y,x,y,x,y,x,y,x,y,x,y,x,y,x,y,x,y,x,y,x,y,x,y,x,y,x,y,x,y,x,y,x,y,x,y,x,y,x,y,x,y
labeled-data,Fish30,img000.png,347.8100357301884,136.59487022673045,321.9133787665631,144.77276189945422,298.7426856938457,150.2246896812701,777.1493485481874,54.815953499492565,812.5868791299905,43.91209793586083,839.8465180390698,37.09718820859101,,,,,,,238.77148009387122,414.6431870993394,266.03111900295056,384.6575842993521,312.37250514838536,356.03496344481886,,,,,,,,,,,,,,,,,,,,,,,,,,,,,,,,,,,,,,,,,,,,,,,,,,,,,,,,,,,,,,,,,,,,,,,,,,,,,,,,,,,,,,,,,,,,,,,,,,,,,,,,,,,,,,,,,,,,,,,,,,,,,,,,,,,,,,,,,,,,,,,,,,,,,,,,,,,,
labeled-data,Fish30,img017.png,360.0768732392741,120.2390868812829,331.45425238474087,131.14294244491458,302.8316315302076,147.4987257903622,692.6444679300415,64.35682711767032,725.3560346209367,56.17893544494652,751.2526915845621,53.452971554038584,493.6491038937627,426.910024608425,523.6347066937499,443.26580795387264,,,,,77.93961053030338,463.71053713568205,121.55503278483027,458.25860935386623,,,,,,,,,,,,,,,,,,,,,,,,,,,,,,,,,,,,,,,,,,,,,,,,,,,,,,,,,,,,,,,,,,,,,,,,,,,,,,,,,,,,,,,,,,,,,,,,,,,,,,,,,,,,,,,,,,,,,,,,,,,,,,,,,,,,,,,,,,,,,,,,,,,,,,,,,,,,
labeled-data,Fish30,img025.png,364.165819075636,109.33523131765116,336.90618016655674,125.69101466309871,315.09846903929326,139.3208341176384,646.3030817846068,72.5347187903941,673.5627206936861,64.35682711767032,704.9113054391272,65.71980906312427,443.218771911966,386.02056624480605,478.6563024937691,417.3691509902473,505.9159414028484,439.17686211751067,,,,,,,,,,,,,,,,,,,,,,,,,,,,,,,,,,,,,,,,,,,,,,,,,,,,,,,,,,,,,,,,,,,,,,,,,,,,,,,,,,,,,,,,,,,,,,,,,,,,,,,,,,,,,,,,,,,,,,,,,,,,,,,,,,,,,,,,,,,,,,,,,,,,,,,,,,,,,,,,,,
labeled-data,Fish30,img041.png,377.79563853017567,113.42417715401305,349.1730176756424,122.9650507721908,315.09846903929326,139.3208341176384,579.5169664573625,77.98664657220996,606.7766053664418,75.26068268130203,629.9472984391592,76.62366462675598,362.80283713018207,331.5012884266475,390.06247603926136,350.583035663003,424.13702467561046,375.1167106811743,,,,,,,,,,,,,,,,,,,,,,,,,,,,,,,,,,,,,,,,,,,,,,,,,,,,,,,,,,,,,,,,,,,,,,,,,,,,,,,,,,,,,,,,,,,,,,,,,,,,,,,,,,,,,,,,,,,,,,,,,,,,,,,,,,,,,,,,,,,,,,,,,,,,,,,,,,,,,,,,,,
labeled-data,Fish30,img046.png,384.6105482574455,109.33523131765116,353.2619635120043,122.9650507721908,326.002324602925,139.3208341176384,559.072237275553,84.80155629947978,586.3318761846323,79.34962851766392,614.9544970391655,80.7126104631179,345.0840718392805,313.7825231357459,373.70669269381375,332.86427037210143,400.9663316028931,361.4868912266347,,,,,,,,,,,,,,,,,,,,,,,,,,,,,,,,,,,,,,,,,,,,,,,,,,,,,,,,,,,,,,,,,,,,,,,,,,,,,,,,,,,,,,,,,,,,,,,,,,,,,,,,,,,,,,,,,,,,,,,,,,,,,,,,,,,,,,,,,,,,,,,,,,,,,,,,,,,,,,,,,,
labeled-data,Fish30,img058.png,392.78843993016926,103.8833035358353,361.43985518472806,118.87610493582889,336.90618016655674,128.41697855400668,518.1827789119341,88.89050213584167,544.0794358755594,86.16453824493374,564.5241650573688,80.7126104631179,291.9277759665759,293.33779395393645,324.63934265747105,302.8786675721142,355.98792740291225,315.1455050811999,,,,,,,,,,,,,,,,,,,,,,,,,,,,,,,,,,,,,,,,,,,,,,,,,,,,,,,,,,,,,,,,,,,,,,,,,,,,,,,,,,,,,,,,,,,,,,,,,,,,,,,,,,,,,,,,,,,,,,,,,,,,,,,,,,,,,,,,,,,,,,,,,,,,,,,,,,,,,,,,,,
labeled-data,Fish30,img060.png,398.24036771198513,98.43137575401943,372.3437107483598,114.787159099467,339.63214405746464,133.86890633582254,507.2789233483023,86.16453824493374,539.9904900391975,86.16453824493374,557.709255330099,84.80155629947978,282.3869023483981,286.52288422666663,320.55039682110913,298.7897217357523,351.89898156655033,312.41954119029197,,,,,,,,,,,,,,,,,,,,,,,,,,,,,,,,,,,,,,,,,,,,,,,,,,,,,,,,,,,,,,,,,,,,,,,,,,,,,,,,,,,,,,,,,,,,,,,,,,,,,,,,,,,,,,,,,,,,,,,,,,,,,,,,,,,,,,,,,,,,,,,,,,,,,,,,,,,,,,,,,,
labeled-data,Fish30,img066.png,400.9663316028931,97.06839380856547,379.1586204756296,114.787159099467,340.9951260029186,128.41697855400668,489.5601580574008,86.16453824493374,515.4568150210262,86.16453824493374,546.8053997664673,87.52752019038772,263.3051551120426,266.07815504485717,290.56479402112194,282.4339383903047,313.7354870938393,294.7007758993904,,,,,,,,,,,,,,,,,,,,,,,,,,,,,,,,,,,,,,,,,,,,,,,,,,,,,,,,,,,,,,,,,,,,,,,,,,,,,,,,,,,,,,,,,,,,,,,,,,,,,,,,,,,,,,,,,,,,,,,,,,,,,,,,,,,,,,,,,,,,,,,,,,,,,,,,,,,,,,,,,,
labeled-data,Fish30,img076.png,411.8701871665248,88.89050213584167,379.1586204756296,113.42417715401305,351.89898156655033,127.05399660855272,458.21157331195957,92.97944797220359,486.83419416649286,92.97944797220359,511.3678691846642,94.34242991765754,238.77148009387122,245.63342586304765,263.3051551120426,257.90026337213334,293.29075791202985,274.25604671758094,,,,,,,,,,,,,,,,,,,,,,,,,,,,,,,,,,,,,,,,,,,,,,,,,,,,,,,,,,,,,,,,,,,,,,,,,,,,,,,,,,,,,,,,,,,,,,,,,,,,,,,,,,,,,,,,,,,,,,,,,,,,,,,,,,,,,,,,,,,,,,,,,,,,,,,,,,,,,,,,,,
labeled-data,Fish30,img085.png,432.31491634833424,87.52752019038772,405.05527743925495,99.79435769947341,372.3437107483598,117.51312299037494,430.9519344028803,98.43137575401943,455.48560942105166,95.7054118631115,478.6563024937691,95.7054118631115,216.9637689666078,229.2776425176001,237.40849814841727,240.18149808123184,261.94217316658865,253.81131753577148,,,,,,,,,,,,,,,,,,,,,,,,,,,,,,,,,,,,,,,,,,,,,,,,,,,,,,,,,,,,,,,,,,,,,,,,,,,,,,,,,,,,,,,,,,,,,,,,,,,,,,,,,,,,,,,,,,,,,,,,,,,,,,,,,,,,,,,,,,,,,,,,,,,,,,,,,,,,,,,,,,
labeled-data,Fish30,img104.png,463.66350109377544,71.17173684494014,435.0408802392422,87.52752019038772,390.06247603926136,105.24628548128925,373.70669269381375,116.15014104492099,402.32931354834705,105.24628548128925,425.5000066210644,103.8833035358353,192.43009394843645,203.38098555397477,203.33394951206816,208.83291333579064,221.05271480296972,217.0108050085144,,,,,,,,,,,,,,,,,,,,,,,,,,,,,,,,,,,,,,,,,,,,,,,,,,,,,,,,,,,,,,,,,,,,,,,,,,,,,,,,,,,,,,,,,,,,,,,,,,,,,,,,,,,,,,,,,,,,,,,,,,,,,,,,,,,,,,,,,,,,,,,,,,,,,,,,,,,,,,,,,,
labeled-data,Fish30,img120.png,497.73804973012454,54.815953499492565,452.75964553014376,71.17173684494014,421.41106078470256,88.89050213584167,328.7282884938329,125.69101466309871,354.62494545745824,121.60206882673685,377.79563853017567,114.787159099467,180.16325643935076,210.1958952812446,185.61518422116663,200.6550216630668,193.7930758938904,202.01800360852076,,,,,,,,,,,,,,,,,,,,,,,,,,,,,,,,,,,,,,,,,,,,,,,,,,,,,,,,,,,,,,,,,,,,,,,,,,,,,,,,,,,,,,,,,,,,,,,,,,,,,,,,,,,,,,,,,,,,,,,,,,,,,,,,,,,,,,,,,,,,,,,,,,,,,,,,,,,,,,,,,,
labeled-data,Fish30,img146.png,553.6203094937372,35.734206263137054,481.382266384677,60.267881281308405,447.3077177483279,84.80155629947978,302.8316315302076,127.05399660855272,302.8316315302076,131.14294244491458,306.9205773665695,142.04679800854632,188.34114811207453,197.9290577721589,186.97816616662058,206.10694944488267,184.25220227571265,211.55887722669854,,,,,,,,,,,,,,,,,,,,,,,,,,,,,,,,,,,,,,,,,,,,,,,,,,,,,,,,,,,,,,,,,,,,,,,,,,,,,,,,,,,,,,,,,,,,,,,,,,,,,,,,,,,,,,,,,,,,,,,,,,,,,,,,,,,,,,,,,,,,,,,,,,,,,,,,,,,,,,,,,,
labeled-data,Fish30,img170.png,616.3174789846195,7.111585408603787,564.5241650573688,26.1933326449593,512.7308511301181,53.452971554038584,336.90618016655674,121.60206882673685,320.55039682110913,128.41697855400668,309.6465412574774,140.68381606309237,236.0455162029633,221.09975084487633,218.32675091206178,214.28484111760645,206.0599134029761,211.55887722669854,,,,,,,,,,,,,,,,,,,,,,,,,,,,,,,,,,,,,,,,,,,,,,,,,,,,,,,,,,,,,,,,,,,,,,,,,,,,,,,,,,,,,,,,,,,,,,,,,,,,,,,,,,,,,,,,,,,,,,,,,,,,,,,,,,,,,,,,,,,,,,,,,,,,,,,,,,,,,,,,,,
labeled-data,Fish30,img175.png,,,582.2429303482704,19.37842291768945,520.908742802842,60.267881281308405,347.8100357301884,121.60206882673685,332.8172343301948,131.14294244491458,315.09846903929326,137.9578521721844,244.2234078756871,223.82571473578423,234.68253425750936,218.37378695396836,212.87482313024591,217.0108050085144,,,,,,,,,,,,,,,,,,,,,,,,,,,,,,,,,,,,,,,,,,,,,,,,,,,,,,,,,,,,,,,,,,,,,,,,,,,,,,,,,,,,,,,,,,,,,,,,,,,,,,,,,,,,,,,,,,,,,,,,,,,,,,,,,,,,,,,,,,,,,,,,,,,,,,,,,,,,,,,,,,
labeled-data,Fish30,img180.png,,,582.2429303482704,22.104386808597383,530.4496164210198,49.3640257176767,361.43985518472806,117.51312299037494,345.0840718392805,125.69101466309871,320.55039682110913,135.2318882812765,246.94937176659505,234.72957029941597,237.40849814841727,222.46273279033028,222.41569674842367,214.28484111760645,,,,,,,,,,,,,,,,,,,,,,,,,,,,,,,,,,,,,,,,,,,,,,,,,,,,,,,,,,,,,,,,,,,,,,,,,,,,,,,,,,,,,,,,,,,,,,,,,,,,,,,,,,,,,,,,,,,,,,,,,,,,,,,,,,,,,,,,,,,,,,,,,,,,,,,,,,,,,,,,,,
labeled-data,Fish30,img204.png,,,659.9329012391464,8.47456735405774,583.6059122937244,30.282278481321185,428.2259705119724,98.43137575401943,406.4182593847089,107.97224937219718,383.24756631199153,117.51312299037494,270.1200648393124,263.3521911539492,270.1200648393124,253.81131753577148,267.3941009484045,248.3593897539556,,,,,,,,,,,,,,,,,,,,,,,,,,,,,,,,,,,,,,,,,,,,,,,,,,,,,,,,,,,,,,,,,,,,,,,,,,,,,,,,,,,,,,,,,,,,,,,,,,,,,,,,,,,,,,,,,,,,,,,,,,,,,,,,,,,,,,,,,,,,,,,,,,,,,,,,,,,,,,,,,,
labeled-data,Fish30,img218.png,,,,,639.4881720573369,16.652459026781543,458.21157331195957,84.80155629947978,443.218771911966,97.06839380856547,409.14422327561687,114.787159099467,281.02392040294416,279.7079744993968,282.3869023483981,271.530082826673,278.29795651203625,260.6262272630413,,,,,,,,,,,,,,,,,,,,,,,,,,,,,,,,,,,,,,,,,,,,,,,,,,,,,,,,,,,,,,,,,,,,,,,,,,,,,,,,,,,,,,,,,,,,,,,,,,,,,,,,,,,,,,,,,,,,,,,,,,,,,,,,,,,,,,,,,,,,,,,,,,,,,,,,,,,,,,,,,,
labeled-data,Fish30,img231.png,,,,,,,497.73804973012454,79.34962851766392,477.2933205483151,83.43857435402583,454.1226274755977,95.7054118631115,286.47584818476,294.7007758993904,289.20181207566793,285.1599022812127,289.20181207566793,275.6190286630349,,,,,,,,,,,,,,,,,,,,,,,,,,,,,,,,,,,,,,,,,,,,,,,,,,,,,,,,,,,,,,,,,,,,,,,,,,,,,,,,,,,,,,,,,,,,,,,,,,,,,,,,,,,,,,,,,,,,,,,,,,,,,,,,,,,,,,,,,,,,,,,,,,,,,,,,,,,,,,,,,,
