scorer,,,Michael,Michael,Michael,Michael,Michael,Michael,Michael,Michael,Michael,Michael,Michael,Michael,Michael,Michael,Michael,Michael,Michael,Michael,Michael,Michael,Michael,Michael,Michael,Michael,Michael,Michael,Michael,Michael,Michael,Michael,Michael,Michael,Michael,Michael,Michael,Michael,Michael,Michael,Michael,Michael,Michael,Michael,Michael,Michael,Michael,Michael,Michael,Michael,Michael,Michael,Michael,Michael,Michael,Michael,Michael,Michael,Michael,Michael,Michael,Michael,Michael,Michael,Michael,Michael,Michael,Michael,Michael,Michael,Michael,Michael,Michael,Michael,Michael,Michael,Michael,Michael,Michael,Michael,Michael,Michael,Michael,Michael,Michael,Michael,Michael,Michael,Michael,Michael,Michael,Michael,Michael,Michael,Michael,Michael,Michael,Michael,Michael,Michael,Michael,Michael,Michael,Michael,Michael,Michael,Michael,Michael,Michael,Michael,Michael,Michael,Michael,Michael,Michael,Michael,Michael,Michael,Michael,Michael,Michael,Michael,Michael,Michael,Michael,Michael,Michael,Michael,Michael,Michael,Michael,Michael,Michael,Michael,Michael,Michael,Michael,Michael,Michael,Michael,Michael,Michael,Michael,Michael,Michael,Michael,Michael,Michael,Michael,Michael,Michael,Michael,Michael,Michael,Michael,Michael,Michael,Michael,Michael,Michael,Michael,Michael,Michael,Michael,Michael,Michael,Michael,Michael,Michael,Michael,Michael,Michael,Michael,Michael,Michael,Michael,Michael,Michael,Michael,Michael,Michael,Michael
individuals,,,fish1,fish1,fish1,fish1,fish1,fish1,fish2,fish2,fish2,fish2,fish2,fish2,fish3,fish3,fish3,fish3,fish3,fish3,fish4,fish4,fish4,fish4,fish4,fish4,fish5,fish5,fish5,fish5,fish5,fish5,fish6,fish6,fish6,fish6,fish6,fish6,fish7,fish7,fish7,fish7,fish7,fish7,fish8,fish8,fish8,fish8,fish8,fish8,fish9,fish9,fish9,fish9,fish9,fish9,fish10,fish10,fish10,fish10,fish10,fish10,fish11,fish11,fish11,fish11,fish11,fish11,fish12,fish12,fish12,fish12,fish12,fish12,fish13,fish13,fish13,fish13,fish13,fish13,fish14,fish14,fish14,fish14,fish14,fish14,fish15,fish15,fish15,fish15,fish15,fish15,fish16,fish16,fish16,fish16,fish16,fish16,fish17,fish17,fish17,fish17,fish17,fish17,fish18,fish18,fish18,fish18,fish18,fish18,fish19,fish19,fish19,fish19,fish19,fish19,fish20,fish20,fish20,fish20,fish20,fish20,fish21,fish21,fish21,fish21,fish21,fish21,fish22,fish22,fish22,fish22,fish22,fish22,fish23,fish23,fish23,fish23,fish23,fish23,fish24,fish24,fish24,fish24,fish24,fish24,fish25,fish25,fish25,fish25,fish25,fish25,fish26,fish26,fish26,fish26,fish26,fish26,fish27,fish27,fish27,fish27,fish27,fish27,fish28,fish28,fish28,fish28,fish28,fish28,fish29,fish29,fish29,fish29,fish29,fish29,fish30,fish30,fish30,fish30,fish30,fish30
bodyparts,,,head,head,torso,torso,tail,tail,head,head,torso,torso,tail,tail,head,head,torso,torso,tail,tail,head,head,torso,torso,tail,tail,head,head,torso,torso,tail,tail,head,head,torso,torso,tail,tail,head,head,torso,torso,tail,tail,head,head,torso,torso,tail,tail,head,head,torso,torso,tail,tail,head,head,torso,torso,tail,tail,head,head,torso,torso,tail,tail,head,head,torso,torso,tail,tail,head,head,torso,torso,tail,tail,head,head,torso,torso,tail,tail,head,head,torso,torso,tail,tail,head,head,torso,torso,tail,tail,head,head,torso,torso,tail,tail,head,head,torso,torso,tail,tail,head,head,torso,torso,tail,tail,head,head,torso,torso,tail,tail,head,head,torso,torso,tail,tail,head,head,torso,torso,tail,tail,head,head,torso,torso,tail,tail,head,head,torso,torso,tail,tail,head,head,torso,torso,tail,tail,head,head,torso,torso,tail,tail,head,head,torso,torso,tail,tail,head,head,torso,torso,tail,tail,head,head,torso,torso,tail,tail,head,head,torso,torso,tail,tail
coords,,,x,y,x,y,x,y,x,y,x,y,x,y,x,y,x,y,x,y,x,y,x,y,x,y,x,y,x,y,x,y,x,y,x,y,x,y,x,y,x,y,x,y,x,y,x,y,x,y,x,y,x,y,x,y,x,y,x,y,x,y,x,y,x,y,x,y,x,y,x,y,x,y,x,y,x,y,x,y,x,y,x,y,x,y,x,y,x,y,x,y,x,y,x,y,x,y,x,y,x,y,x,y,x,y,x,y,x,y,x,y,x,y,x,y,x,y,x,y,x,y,x,y,x,y,x,y,x,y,x,y,x,y,x,y,x,y,x,y,x,y,x,y,x,y,x,y,x,y,x,y,x,y,x,y,x,y,x,y,x,y,x,y,x,y,x,y,x,y,x,y,x,y,x,y,x,y,x,y,x,y
labeled-data,Fish12,img02.png,184.0406811987005,362.27576528286045,58.702637497129786,394.5318794707647,,,750.8266876433036,165.05266710538893,766.4939431059997,163.20946058036583,792.2988344563232,164.13106384287738,832.8493780068313,343.8437000326295,812.5741062315774,334.62766740751397,795.9852475063694,330.94125435746776,,,,,,,,,,,,,,,,,,,,,,,,,,,,,,,,,,,,,,,,,,,,,,,,,,,,,,,,,,,,,,,,,,,,,,,,,,,,,,,,,,,,,,,,,,,,,,,,,,,,,,,,,,,,,,,,,,,,,,,,,,,,,,,,,,,,,,,,,,,,,,,,,,,,,,,,,,,,,,,,,,
labeled-data,Fish12,img04.png,224.59122474920866,350.29492287021037,96.48837126010329,374.25660769551064,,,743.4538615432111,165.97427036790043,760.9643235309304,166.89587363041198,783.0828018312077,166.89587363041198,830.0845682192967,343.8437000326295,809.8092964440427,337.3924771950486,792.2988344563232,330.94125435746776,,,,,,,,,,,,,,,,,,,,,,,,,,,,,,,,,,,,,,,,,,,,,,,,,,,,,,,,,,,,,,,,,,,,,,,,,,,,,,,,,,,,,,,,,,,,,,,,,,,,,,,,,,,,,,,,,,,,,,,,,,,,,,,,,,,,,,,,,,,,,,,,,,,,,,,,,,,,,,,,,,
labeled-data,Fish12,img05.png,240.258480211905,346.60850982016416,111.23402346028809,375.1782109580222,5.249648271459904,414.80715124601875,744.3754648057227,163.20946058036583,763.7291333184651,164.13106384287738,782.1611985686961,164.13106384287738,830.0845682192967,341.07889024509484,809.8092964440427,331.8628576199793,791.3772311938117,329.09804783244465,,,,,,,,,,,,,,,,,,,,,,,,,,,,,,,,,,,,,,,,,,,,,,,,,,,,,,,,,,,,,,,,,,,,,,,,,,,,,,,,,,,,,,,,,,,,,,,,,,,,,,,,,,,,,,,,,,,,,,,,,,,,,,,,,,,,,,,,,,,,,,,,,,,,,,,,,,,,,,,,,,
labeled-data,Fish12,img09.png,,,272.51459439980925,319.8820152073292,144.41174091070388,355.8245424452796,47.64339834699118,374.25660769551064,737.9242419681418,168.7390801554351,753.5914974308382,168.7390801554351,776.6315789936268,165.97427036790043,830.0845682192967,339.23568372007173,809.8092964440427,337.3924771950486,796.906850768881,331.8628576199793,,,,,,,,,,,,,,,,,,,,,,,,,,,,,,,,,,,,,,,,,,,,,,,,,,,,,,,,,,,,,,,,,,,,,,,,,,,,,,,,,,,,,,,,,,,,,,,,,,,,,,,,,,,,,,,,,,,,,,,,,,,,,,,,,,,,,,,,,,,,,,,,,,,,,,,,,,,,,,,,
labeled-data,Fish12,img15.png,351.7724749758026,302.3715532196098,267.9065780872515,316.195602157283,165.6086159484695,333.7060641450024,722.2569865054454,167.81747689292354,740.6890517556765,169.66068341794664,759.1211170059073,167.81747689292354,831.9277747443198,337.3924771950486,815.3389160191118,334.62766740751397,790.4556279313001,334.62766740751397,,,,,,,,,,,,,,,,,,,,,,,,,,,,,,,,,,,,,,,,,,,,,,,,,,,,,,,,,,,,,,,,,,,,,,,,,,,,,,,,,,,,,,,,,,,,,,,,,,,,,,,,,,,,,,,,,,,,,,,,,,,,,,,,,,,,,,,,,,,,,,,,,,,,,,,,,,,,,,,,,,
labeled-data,Fish12,img20.png,478.95372520239636,330.94125435746776,340.71323582566396,291.31231406947114,208.92396928651232,291.31231406947114,713.9625571428414,166.89587363041198,729.6298126055378,167.81747689292354,748.0618778557689,167.81747689292354,828.2413616942736,329.09804783244465,810.7308997065543,334.62766740751397,789.5340246687886,334.62766740751397,,,,,,,,,,,,,,,,,,,,,,,,,,,,,,,,,,,,,,,,,,,,,,,,,,,,,,,,,,,,,,,,,,,,,,,,,,,,,,,,,,,,,,,,,,,,,,,,,,,,,,,,,,,,,,,,,,,,,,,,,,,,,,,,,,,,,,,,,,,,,,,,,,,,,,,,,,,,,,,,,,
labeled-data,Fish12,img27.png,594.15413301634,341.07889024509484,437.4815783893767,287.625901019425,277.122610712367,258.1345966190554,706.589731042749,172.4254932054813,720.4137799804223,172.4254932054813,737.00263870563,172.4254932054813,830.0845682192967,330.0196510949562,813.4957094940887,337.3924771950486,796.9068507688808,334.62766740751397,,,,,,,,,,,,,,,,,,,,,,,,,,,,,,,,,,,,,,,,,,,,,,,,,,,,,,,,,,,,,,,,,,,,,,,,,,,,,,,,,,,,,,,,,,,,,,,,,,,,,,,,,,,,,,,,,,,,,,,,,,,,,,,,,,,,,,,,,,,,,,,,,,,,,,,,,,,,,,,,,,
labeled-data,Fish12,img31.png,679.863236429914,406.5127218834149,553.6035894658319,298.68514016956357,357.3020945508718,260.89940640659006,696.4520951551219,168.7390801554351,709.3545408302837,174.2686997305044,731.4730191305607,176.11190625552751,838.3789975819006,330.94125435746776,818.1037258066465,331.8628576199793,795.9852475063692,330.94125435746776,,,,,,,,,,,,,,,,,,,,,,,,,,,,,,,,,,,,,,,,,,,,,,,,,,,,,,,,,,,,,,,,,,,,,,,,,,,,,,,,,,,,,,,,,,,,,,,,,,,,,,,,,,,,,,,,,,,,,,,,,,,,,,,,,,,,,,,,,,,,,,,,,,,,,,,,,,,,,,,,,,
labeled-data,Fish12,img33.png,682.6280462174486,399.13989578332246,565.5844318784818,289.4691075444481,361.91011086342957,256.2913900940323,693.6872853675873,169.66068341794664,708.4329375677721,174.2686997305044,724.1001930304685,175.19030299301596,834.6925845318544,330.0196510949562,819.025329069158,331.8628576199793,790.4556279312999,331.8628576199793,,,,,,,,,,,,,,,,,,,,,,,,,,,,,,,,,,,,,,,,,,,,,,,,,,,,,,,,,,,,,,,,,,,,,,,,,,,,,,,,,,,,,,,,,,,,,,,,,,,,,,,,,,,,,,,,,,,,,,,,,,,,,,,,,,,,,,,,,,,,,,,,,,,,,,,,,,,,,,,,,,
labeled-data,Fish12,img36.png,754.5131006933495,441.5336458588537,638.3910896168943,322.64682499486383,455.9136436396075,247.07535746891682,681.7064429549371,170.5822866804582,702.9033179927028,176.11190625552751,716.7273669303761,174.2686997305044,836.5357910568775,329.09804783244465,824.5549486442274,329.09804783244465,807.0444866565078,328.1764445699331,,,,,,,,,,,,,,,,,,,,,,,,,,,,,,,,,,,,,,,,,,,,,,,,,,,,,,,,,,,,,,,,,,,,,,,,,,,,,,,,,,,,,,,,,,,,,,,,,,,,,,,,,,,,,,,,,,,,,,,,,,,,,,,,,,,,,,,,,,,,,,,,,,,,,,,,,,,,,,,,,,
labeled-data,Fish12,img41.png,825.4765519067389,470.1033469967117,707.5113343052606,379.78622727057996,579.4084808161551,270.11543903170553,676.1768233798678,165.97427036790043,697.3736984176335,172.4254932054813,713.9625571428414,172.4254932054813,843.9086171569697,326.33323804491,827.319758431762,327.25484130742154,803.3580736064616,327.25484130742154,,,,,,,,,,,,,,,,,,,,,,,,,,,,,,,,,,,,,,,,,,,,,,,,,,,,,,,,,,,,,,,,,,,,,,,,,,,,,,,,,,,,,,,,,,,,,,,,,,,,,,,,,,,,,,,,,,,,,,,,,,,,,,,,,,,,,,,,,,,,,,,,,,,,,,,,,,,,,,,,,,
labeled-data,Fish12,img43.png,826.3981551692505,467.33853720917705,725.9433995554916,390.8454664207185,587.7029101787591,282.09628144435567,678.0200299048909,168.7390801554351,694.6088886300988,172.4254932054813,707.5113343052606,174.2686997305044,838.3789975819006,322.64682499486383,825.4765519067389,323.5684282573754,807.9660899190194,326.33323804491,,,,,,,,,,,,,,,,,,,,,,,,,,,,,,,,,,,,,,,,,,,,,,,,,,,,,,,,,,,,,,,,,,,,,,,,,,,,,,,,,,,,,,,,,,,,,,,,,,,,,,,,,,,,,,,,,,,,,,,,,,,,,,,,,,,,,,,,,,,,,,,,,,,,,,,,,,,,,,,,,,
labeled-data,Fish12,img46.png,,,755.4347039558611,417.5719610335534,626.4102472042441,325.41163478239855,678.0200299048909,168.7390801554351,692.7656821050757,172.4254932054813,703.8249212552143,172.4254932054813,845.7518236819928,324.490031519887,831.9277747443198,324.490031519887,812.5741062315772,327.25484130742154,,,,,,,,,,,,,,,,,,,,,,,,,,,,,,,,,,,,,,,,,,,,,,,,,,,,,,,,,,,,,,,,,,,,,,,,,,,,,,,,,,,,,,,,,,,,,,,,,,,,,,,,,,,,,,,,,,,,,,,,,,,,,,,,,,,,,,,,,,,,,,,,,,,,,,,,,,,,,,,,,,
labeled-data,Fish12,img50.png,,,811.6525029690656,461.80891763410784,722.2569865054454,357.6677489703027,663.2743777047062,168.7390801554351,679.863236429914,171.50388994296975,698.295301680145,171.50388994296975,845.7518236819928,321.7252217323523,832.8493780068313,328.1764445699331,812.5741062315772,327.25484130742154,,,,,,,,,,,,,,,,,,,,,,,,,,,,,,,,,,,,,,,,,,,,,,,,,,,,,,,,,,,,,,,,,,,,,,,,,,,,,,,,,,,,,,,,,,,,,,,,,,,,,,,,,,,,,,,,,,,,,,,,,,,,,,,,,,,,,,,,,,,,,,,,,,,,,,,,,,,,,,,,,,
labeled-data,Fish12,img53.png,,,,,774.7883724686037,398.2182925208109,663.2743777047062,170.5822866804582,679.863236429914,172.4254932054813,696.4520951551219,171.50388994296975,849.4382367320391,319.8820152073292,833.7709812693429,322.64682499486383,819.025329069158,322.64682499486383,,,,,,,,,,,,,,,,,,,,,,,,,,,,,,,,,,,,,,,,,,,,,,,,,,,,,,,,,,,,,,,,,,,,,,,,,,,,,,,,,,,,,,,,,,,,,,,,,,,,,,,,,,,,,,,,,,,,,,,,,,,,,,,,,,,,,,,,,,,,,,,,,,,,,,,,,,,,,,,,,,
