scorer,,,Michael,Michael,Michael,Michael,Michael,Michael,Michael,Michael,Michael,Michael,Michael,Michael,Michael,Michael,Michael,Michael,Michael,Michael,Michael,Michael,Michael,Michael,Michael,Michael,Michael,Michael,Michael,Michael,Michael,Michael,Michael,Michael,Michael,Michael,Michael,Michael,Michael,Michael,Michael,Michael,Michael,Michael,Michael,Michael,Michael,Michael,Michael,Michael,Michael,Michael,Michael,Michael,Michael,Michael,Michael,Michael,Michael,Michael,Michael,Michael,Michael,Michael,Michael,Michael,Michael,Michael,Michael,Michael,Michael,Michael,Michael,Michael,Michael,Michael,Michael,Michael,Michael,Michael,Michael,Michael,Michael,Michael,Michael,Michael,Michael,Michael,Michael,Michael,Michael,Michael,Michael,Michael,Michael,Michael,Michael,Michael,Michael,Michael,Michael,Michael,Michael,Michael,Michael,Michael,Michael,Michael,Michael,Michael,Michael,Michael,Michael,Michael,Michael,Michael,Michael,Michael,Michael,Michael,Michael,Michael,Michael,Michael,Michael,Michael,Michael,Michael,Michael,Michael,Michael,Michael,Michael,Michael,Michael,Michael,Michael,Michael,Michael,Michael,Michael,Michael,Michael,Michael,Michael,Michael,Michael,Michael,Michael,Michael,Michael,Michael,Michael,Michael,Michael,Michael,Michael,Michael,Michael,Michael,Michael,Michael,Michael,Michael,Michael,Michael,Michael,Michael,Michael,Michael,Michael,Michael,Michael,Michael,Michael,Michael,Michael,Michael,Michael,Michael,Michael,Michael
individuals,,,fish1,fish1,fish1,fish1,fish1,fish1,fish2,fish2,fish2,fish2,fish2,fish2,fish3,fish3,fish3,fish3,fish3,fish3,fish4,fish4,fish4,fish4,fish4,fish4,fish5,fish5,fish5,fish5,fish5,fish5,fish6,fish6,fish6,fish6,fish6,fish6,fish7,fish7,fish7,fish7,fish7,fish7,fish8,fish8,fish8,fish8,fish8,fish8,fish9,fish9,fish9,fish9,fish9,fish9,fish10,fish10,fish10,fish10,fish10,fish10,fish11,fish11,fish11,fish11,fish11,fish11,fish12,fish12,fish12,fish12,fish12,fish12,fish13,fish13,fish13,fish13,fish13,fish13,fish14,fish14,fish14,fish14,fish14,fish14,fish15,fish15,fish15,fish15,fish15,fish15,fish16,fish16,fish16,fish16,fish16,fish16,fish17,fish17,fish17,fish17,fish17,fish17,fish18,fish18,fish18,fish18,fish18,fish18,fish19,fish19,fish19,fish19,fish19,fish19,fish20,fish20,fish20,fish20,fish20,fish20,fish21,fish21,fish21,fish21,fish21,fish21,fish22,fish22,fish22,fish22,fish22,fish22,fish23,fish23,fish23,fish23,fish23,fish23,fish24,fish24,fish24,fish24,fish24,fish24,fish25,fish25,fish25,fish25,fish25,fish25,fish26,fish26,fish26,fish26,fish26,fish26,fish27,fish27,fish27,fish27,fish27,fish27,fish28,fish28,fish28,fish28,fish28,fish28,fish29,fish29,fish29,fish29,fish29,fish29,fish30,fish30,fish30,fish30,fish30,fish30
bodyparts,,,head,head,torso,torso,tail,tail,head,head,torso,torso,tail,tail,head,head,torso,torso,tail,tail,head,head,torso,torso,tail,tail,head,head,torso,torso,tail,tail,head,head,torso,torso,tail,tail,head,head,torso,torso,tail,tail,head,head,torso,torso,tail,tail,head,head,torso,torso,tail,tail,head,head,torso,torso,tail,tail,head,head,torso,torso,tail,tail,head,head,torso,torso,tail,tail,head,head,torso,torso,tail,tail,head,head,torso,torso,tail,tail,head,head,torso,torso,tail,tail,head,head,torso,torso,tail,tail,head,head,torso,torso,tail,tail,head,head,torso,torso,tail,tail,head,head,torso,torso,tail,tail,head,head,torso,torso,tail,tail,head,head,torso,torso,tail,tail,head,head,torso,torso,tail,tail,head,head,torso,torso,tail,tail,head,head,torso,torso,tail,tail,head,head,torso,torso,tail,tail,head,head,torso,torso,tail,tail,head,head,torso,torso,tail,tail,head,head,torso,torso,tail,tail,head,head,torso,torso,tail,tail,head,head,torso,torso,tail,tail
coords,,,x,y,x,y,x,y,x,y,x,y,x,y,x,y,x,y,x,y,x,y,x,y,x,y,x,y,x,y,x,y,x,y,x,y,x,y,x,y,x,y,x,y,x,y,x,y,x,y,x,y,x,y,x,y,x,y,x,y,x,y,x,y,x,y,x,y,x,y,x,y,x,y,x,y,x,y,x,y,x,y,x,y,x,y,x,y,x,y,x,y,x,y,x,y,x,y,x,y,x,y,x,y,x,y,x,y,x,y,x,y,x,y,x,y,x,y,x,y,x,y,x,y,x,y,x,y,x,y,x,y,x,y,x,y,x,y,x,y,x,y,x,y,x,y,x,y,x,y,x,y,x,y,x,y,x,y,x,y,x,y,x,y,x,y,x,y,x,y,x,y,x,y,x,y,x,y,x,y,x,y
labeled-data,Fish29,img003.png,688.5555220936797,137.9578521721844,775.7863666027334,154.313635517632,839.8465180390698,166.5804730267177,,,,,,,405.05527743925495,200.6550216630668,410.5072052210708,187.02520220852716,413.2331691119788,174.75836469944147,313.7354870938393,259.26324531758735,302.8316315302076,256.5372814266794,296.01672180293775,263.3521911539492,,,,,,,,,,,,,,,,,,,,,,,,,,,,,,,,,,,,,,,,,,,,,,,,,,,,,,,,,,,,,,,,,,,,,,,,,,,,,,,,,,,,,,,,,,,,,,,,,,,,,,,,,,,,,,,,,,,,,,,,,,,,,,,,,,,,,,,,,,,,,,,,,,,,,,,,,,,,
labeled-data,Fish29,img006.png,664.0218470755083,146.13574384490823,740.3488360209303,150.2246896812701,826.2166985845301,161.12854524490183,,,,,,,403.692295493801,204.74396749942872,407.7812413301629,192.47712999034303,413.2331691119788,178.8473105358034,308.28355931202344,256.5372814266794,298.7426856938457,264.71517309940316,296.01672180293775,268.8041189357651,,,,,,,,,,,,,,,,,,,,,,,,,,,,,,,,,,,,,,,,,,,,,,,,,,,,,,,,,,,,,,,,,,,,,,,,,,,,,,,,,,,,,,,,,,,,,,,,,,,,,,,,,,,,,,,,,,,,,,,,,,,,,,,,,,,,,,,,,,,,,,,,,,,,,,,,,,,,
labeled-data,Fish29,img007.png,658.5699192936925,147.4987257903622,748.5267276936542,144.77276189945422,826.2166985845301,150.2246896812701,,,,,,,405.05527743925495,203.38098555397477,411.8701871665248,191.11414804488908,413.2331691119788,182.93625637216525,309.6465412574774,253.81131753577148,301.4686495847536,263.3521911539492,,,,,,,,,,,,,,,,,,,,,,,,,,,,,,,,,,,,,,,,,,,,,,,,,,,,,,,,,,,,,,,,,,,,,,,,,,,,,,,,,,,,,,,,,,,,,,,,,,,,,,,,,,,,,,,,,,,,,,,,,,,,,,,,,,,,,,,,,,,,,,,,,,,,,,,,,,,,,,
labeled-data,Fish29,img013.png,594.5097678573561,150.2246896812701,685.8295582027718,139.3208341176384,774.4233846572795,137.9578521721844,,,,,,,407.7812413301629,214.28484111760645,414.59615105743273,200.6550216630668,424.13702467561046,192.47712999034303,317.8244329302012,252.44833559031747,309.6465412574774,255.17429948122543,297.37970374839176,259.26324531758735,,,,,,,,,,,,,,,,,,,,,,,,,,,,,,,,,,,,,,,,,,,,,,,,,,,,,,,,,,,,,,,,,,,,,,,,,,,,,,,,,,,,,,,,,,,,,,,,,,,,,,,,,,,,,,,,,,,,,,,,,,,,,,,,,,,,,,,,,,,,,,,,,,,,,,,,,,,,
labeled-data,Fish29,img016.png,568.6131108937308,148.86170773581614,647.6660637300607,142.04679800854632,744.4377818572922,146.13574384490823,,,,,,,407.78124133016297,214.2848411176064,414.5961510574328,203.3809855539747,425.50000662106453,193.84011193579693,321.9133787665632,256.53728142667933,312.3725051483854,256.53728142667933,305.5575954211156,260.62622726304124,,,,,,,,,,,,,,,,,,,,,,,,,,,,,,,,,,,,,,,,,,,,,,,,,,,,,,,,,,,,,,,,,,,,,,,,,,,,,,,,,,,,,,,,,,,,,,,,,,,,,,,,,,,,,,,,,,,,,,,,,,,,,,,,,,,,,,,,,,,,,,,,,,,,,,,,,,,,
labeled-data,Fish29,img019.png,545.4424178210134,148.86170773581608,627.2213345482513,144.77276189945422,704.9113054391273,140.6838160630923,406.418259384709,217.01080500851435,414.5961510574328,206.10694944488262,323.27636071201715,256.53728142667933,315.0984690392934,256.53728142667933,301.4686495847537,260.62622726304124,,,,,,,,,,,,,,,,,,,,,,,,,,,,,,,,,,,,,,,,,,,,,,,,,,,,,,,,,,,,,,,,,,,,,,,,,,,,,,,,,,,,,,,,,,,,,,,,,,,,,,,,,,,,,,,,,,,,,,,,,,,,,,,,,,,,,,,,,,,,,,,,,,,,,,,,,,,,,,,,,,,,
labeled-data,Fish29,img022.png,510.0048872392104,150.22468968127004,593.1467859119022,139.32083411763836,680.3776304209559,140.6838160630923,,,,,,,,,414.5961510574328,211.55887722669848,,,326.00232460292506,256.53728142667933,316.46145098474733,256.53728142667933,305.5575954211156,259.26324531758723,,,,,,,,,,,,,,,,,,,,,,,,,,,,,,,,,,,,,,,,,,,,,,,,,,,,,,,,,,,,,,,,,,,,,,,,,,,,,,,,,,,,,,,,,,,,,,,,,,,,,,,,,,,,,,,,,,,,,,,,,,,,,,,,,,,,,,,,,,,,,,,,,,,,,,,,,,,,
labeled-data,Fish29,img025.png,475.93033860286124,148.86170773581608,579.5169664573625,139.32083411763836,666.7478109664163,142.04679800854626,,,,,,,,,,,,,331.4542523847409,255.17429948122538,320.5503968211092,255.17429948122538,309.6465412574775,256.53728142667933,,,,,,,,,,,,,,,,,,,,,,,,,,,,,,,,,,,,,,,,,,,,,,,,,,,,,,,,,,,,,,,,,,,,,,,,,,,,,,,,,,,,,,,,,,,,,,,,,,,,,,,,,,,,,,,,,,,,,,,,,,,,,,,,,,,,,,,,,,,,,,,,,,,,,,,,,,,,
labeled-data,Fish29,img029.png,441.85578996651213,146.13574384490818,539.9904900391975,136.5948702267304,623.1323887118895,151.58767162672405,826.2166985845303,82.07559240857182,,,,,,,,,,,332.8172343301949,255.17429948122538,323.27636071201715,253.81131753577137,315.0984690392934,256.53728142667933,,,,,,,,,,,,,,,,,,,,,,,,,,,,,,,,,,,,,,,,,,,,,,,,,,,,,,,,,,,,,,,,,,,,,,,,,,,,,,,,,,,,,,,,,,,,,,,,,,,,,,,,,,,,,,,,,,,,,,,,,,,,,,,,,,,,,,,,,,,,,,,,,,,,,,,,,,,,
labeled-data,Fish29,img033.png,417.32211494834075,150.22468968127004,504.5529594573945,144.77276189945422,601.324677584626,150.22468968127004,788.0532041118192,83.43857435402577,,,,,,,,,,,332.8172343301949,257.9002633721333,324.6393426574711,253.81131753577137,316.46145098474733,253.81131753577137,,,,,,,,,,,,,,,,,,,,,,,,,,,,,,,,,,,,,,,,,,,,,,,,,,,,,,,,,,,,,,,,,,,,,,,,,,,,,,,,,,,,,,,,,,,,,,,,,,,,,,,,,,,,,,,,,,,,,,,,,,,,,,,,,,,,,,,,,,,,,,,,,,,,,,,,,,,,
labeled-data,Fish29,img035.png,390.0624760392614,132.50592439036853,465.0264830392295,137.9578521721844,561.798201166461,151.58767162672405,777.1493485481875,79.34962851766389,849.3873916572476,99.79435769947335,,,,,,,,,334.1802162756489,257.9002633721333,330.091270439287,252.4483355903174,317.8244329302013,251.08535364486346,,,,,,,,,,,,,,,,,,,,,,,,,,,,,,,,,,,,,,,,,,,,,,,,,,,,,,,,,,,,,,,,,,,,,,,,,,,,,,,,,,,,,,,,,,,,,,,,,,,,,,,,,,,,,,,,,,,,,,,,,,,,,,,,,,,,,,,,,,,,,,,,,,,,,,,,,,,,
labeled-data,Fish29,img040.png,339.6321440574647,127.05399660855267,441.85578996651213,144.77276189945422,519.545760857388,163.85450913580974,736.2598901845685,76.62366462675595,849.3873916572476,101.15733964492733,,,,,,,,,338.26916211201075,252.4483355903174,327.36530654837907,252.4483355903174,315.0984690392934,252.4483355903174,,,,,,,,,,,,,,,,,,,,,,,,,,,,,,,,,,,,,,,,,,,,,,,,,,,,,,,,,,,,,,,,,,,,,,,,,,,,,,,,,,,,,,,,,,,,,,,,,,,,,,,,,,,,,,,,,,,,,,,,,,,,,,,,,,,,,,,,,,,,,,,,,,,,,,,,,,,,
labeled-data,Fish29,img042.png,335.54319822110284,120.23908688128284,428.22597051197243,137.9578521721844,508.64190529375645,158.40258135399387,721.2670887845749,76.62366462675595,845.2984458208857,99.79435769947335,,,,,,,,,336.9061801665568,253.81131753577137,330.091270439287,251.08535364486346,319.18741487565524,253.81131753577137,,,,,,,,,,,,,,,,,,,,,,,,,,,,,,,,,,,,,,,,,,,,,,,,,,,,,,,,,,,,,,,,,,,,,,,,,,,,,,,,,,,,,,,,,,,,,,,,,,,,,,,,,,,,,,,,,,,,,,,,,,,,,,,,,,,,,,,,,,,,,,,,,,,,,,,,,,,,
labeled-data,Fish29,img049.png,268.7570828938585,106.60926742674317,369.61774685745195,128.41697855400662,444.58175385742004,152.950653572178,680.3776304209559,79.34962851766389,804.4089874572668,105.24628548128922,,,,,,,,,349.1730176756425,251.08535364486346,340.9951260029187,246.99640780850154,330.091270439287,248.35938975395555,,,,,,,,,,,,,,,,,,,,,,,,,,,,,,,,,,,,,,,,,,,,,,,,,,,,,,,,,,,,,,,,,,,,,,,,,,,,,,,,,,,,,,,,,,,,,,,,,,,,,,,,,,,,,,,,,,,,,,,,,,,,,,,,,,,,,,,,,,,,,,,,,,,,,,,,,,,,
labeled-data,Fish29,img054.png,242.86042593023316,94.34242991765751,320.5503968211092,125.69101466309871,415.95913300288674,158.40258135399387,634.0362442755211,73.89770073584802,779.8753124390954,112.06119520855904,850.7503736027016,159.76556329944782,440.4928080210581,305.6046314630221,,,,,349.1730176756425,252.4483355903174,345.08407183928057,248.35938975395555,328.728288493833,248.35938975395555,,,,,,,,,,,,,,,,,,,,,,,,,,,,,,,,,,,,,,,,,,,,,,,,,,,,,,,,,,,,,,,,,,,,,,,,,,,,,,,,,,,,,,,,,,,,,,,,,,,,,,,,,,,,,,,,,,,,,,,,,,,,,,,,,,,,,,,,,,,,,,,,,,,,,,,,,,,,
labeled-data,Fish29,img056.png,216.96376896660783,92.97944797220353,301.4686495847537,114.78715909946698,368.254764911998,147.49872579036213,610.8655512028038,72.53471879039407,748.5267276936542,107.97224937219715,839.8465180390699,159.76556329944782,450.0336816392359,313.78252313574586,440.4928080210581,302.8786675721141,,,354.62494545745835,255.17429948122538,343.7210898938266,248.35938975395555,331.4542523847409,246.99640780850154,,,,,,,,,,,,,,,,,,,,,,,,,,,,,,,,,,,,,,,,,,,,,,,,,,,,,,,,,,,,,,,,,,,,,,,,,,,,,,,,,,,,,,,,,,,,,,,,,,,,,,,,,,,,,,,,,,,,,,,,,,,,,,,,,,,,,,,,,,,,,,,,,,,,,,,,,,,,
labeled-data,Fish29,img060.png,178.8002744938968,68.44577295403218,264.66813705749666,105.24628548128922,347.81003573018853,137.9578521721844,564.5241650573689,68.44577295403218,700.8223596027655,107.97224937219715,828.9426624754382,181.57327442671124,450.0336816392359,319.23445091756173,443.2187719119661,308.33059535393,432.31491634833435,298.7897217357522,351.8989815665504,253.81131753577137,345.08407183928057,249.7223716994095,335.54319822110284,245.6334258630476,,,,,,,,,,,,,,,,,,,,,,,,,,,,,,,,,,,,,,,,,,,,,,,,,,,,,,,,,,,,,,,,,,,,,,,,,,,,,,,,,,,,,,,,,,,,,,,,,,,,,,,,,,,,,,,,,,,,,,,,,,,,,,,,,,,,,,,,,,,,,,,,,,,,,,,,,,,,
labeled-data,Fish29,img070.png,110.65117722119857,42.54911599040685,184.25220227571268,77.98664657220993,267.39410094840457,112.06119520855904,493.64910389376274,42.54911599040685,638.1251901118831,107.97224937219715,726.7190165663908,182.93625637216525,463.66350109377555,332.8642703721014,450.0336816392359,324.68637869937754,433.6778982937883,316.50848702665377,360.0768732392742,252.4483355903174,351.8989815665504,244.27044391759364,339.6321440574647,242.90746197213969,,,,,,,,,,,,,,,,,,,,,,,,,,,,,,,,,,,,,,,,,,,,,,,,,,,,,,,,,,,,,,,,,,,,,,,,,,,,,,,,,,,,,,,,,,,,,,,,,,,,,,,,,,,,,,,,,,,,,,,,,,,,,,,,,,,,,,,,,,,,,,,,,,,,,,,,,,,,
labeled-data,Fish29,img078.png,73.8506646939415,24.83035069950529,154.26659947572543,67.0827910085782,203.3339495120682,90.2534840812956,436.40386218469627,39.82315209949891,593.1467859119022,112.06119520855904,695.3704318209495,196.5660758267049,466.38946498468346,338.31619815391724,459.57455525741364,327.4123425902855,443.2187719119661,323.3233967539236,358.7138912938202,248.35938975395555,349.1730176756425,246.99640780850154,339.6321440574647,242.90746197213969,,,,,,,,,,,,,,,,,,,,,,,,,,,,,,,,,,,,,,,,,,,,,,,,,,,,,,,,,,,,,,,,,,,,,,,,,,,,,,,,,,,,,,,,,,,,,,,,,,,,,,,,,,,,,,,,,,,,,,,,,,,,,,,,,,,,,,,,,,,,,,,,,,,,,,,,,,,,
labeled-data,Fish29,img110.png,,,,,41.13909800304635,16.652459026781514,,,287.83883013021403,11.200531244965646,375.0696746392678,79.34962851766389,467.75244693013747,351.9460176084569,459.57455525741364,342.4051439902791,456.84859136650573,338.31619815391724,372.3437107483599,238.81851613577777,368.254764911998,238.81851613577777,355.9879274029123,237.45553419032382,,,,,,,,,,,,,,,,,,,,,,,,,,,,,,,,,,,,,,,,,,,,,,,,,,,,,,,,,,,,,,,,,,,,,,,,,,,,,,,,,,,,,,,,,,,,,,,,,,,,,,,,,,,,,,,,,,,,,,,,,,,,,,,,,,,,,,,,,,,,,,,,,,,,,,,,,,,,
