scorer,,,Michael,Michael,Michael,Michael,Michael,Michael,Michael,Michael,Michael,Michael,Michael,Michael,Michael,Michael,Michael,Michael,Michael,Michael,Michael,Michael,Michael,Michael,Michael,Michael,Michael,Michael,Michael,Michael,Michael,Michael,Michael,Michael,Michael,Michael,Michael,Michael,Michael,Michael,Michael,Michael,Michael,Michael,Michael,Michael,Michael,Michael,Michael,Michael,Michael,Michael,Michael,Michael,Michael,Michael,Michael,Michael,Michael,Michael,Michael,Michael,Michael,Michael,Michael,Michael,Michael,Michael,Michael,Michael,Michael,Michael,Michael,Michael,Michael,Michael,Michael,Michael,Michael,Michael,Michael,Michael,Michael,Michael,Michael,Michael,Michael,Michael,Michael,Michael,Michael,Michael,Michael,Michael,Michael,Michael,Michael,Michael,Michael,Michael,Michael,Michael,Michael,Michael,Michael,Michael,Michael,Michael,Michael,Michael,Michael,Michael,Michael,Michael,Michael,Michael,Michael,Michael,Michael,Michael,Michael,Michael,Michael,Michael,Michael,Michael,Michael,Michael,Michael,Michael,Michael,Michael,Michael,Michael,Michael,Michael,Michael,Michael,Michael,Michael,Michael,Michael,Michael,Michael,Michael,Michael,Michael,Michael,Michael,Michael,Michael,Michael,Michael,Michael,Michael,Michael,Michael,Michael,Michael,Michael,Michael,Michael,Michael,Michael,Michael,Michael,Michael,Michael,Michael,Michael,Michael,Michael,Michael,Michael,Michael,Michael,Michael,Michael,Michael,Michael,Michael,Michael
individuals,,,fish1,fish1,fish1,fish1,fish1,fish1,fish2,fish2,fish2,fish2,fish2,fish2,fish3,fish3,fish3,fish3,fish3,fish3,fish4,fish4,fish4,fish4,fish4,fish4,fish5,fish5,fish5,fish5,fish5,fish5,fish6,fish6,fish6,fish6,fish6,fish6,fish7,fish7,fish7,fish7,fish7,fish7,fish8,fish8,fish8,fish8,fish8,fish8,fish9,fish9,fish9,fish9,fish9,fish9,fish10,fish10,fish10,fish10,fish10,fish10,fish11,fish11,fish11,fish11,fish11,fish11,fish12,fish12,fish12,fish12,fish12,fish12,fish13,fish13,fish13,fish13,fish13,fish13,fish14,fish14,fish14,fish14,fish14,fish14,fish15,fish15,fish15,fish15,fish15,fish15,fish16,fish16,fish16,fish16,fish16,fish16,fish17,fish17,fish17,fish17,fish17,fish17,fish18,fish18,fish18,fish18,fish18,fish18,fish19,fish19,fish19,fish19,fish19,fish19,fish20,fish20,fish20,fish20,fish20,fish20,fish21,fish21,fish21,fish21,fish21,fish21,fish22,fish22,fish22,fish22,fish22,fish22,fish23,fish23,fish23,fish23,fish23,fish23,fish24,fish24,fish24,fish24,fish24,fish24,fish25,fish25,fish25,fish25,fish25,fish25,fish26,fish26,fish26,fish26,fish26,fish26,fish27,fish27,fish27,fish27,fish27,fish27,fish28,fish28,fish28,fish28,fish28,fish28,fish29,fish29,fish29,fish29,fish29,fish29,fish30,fish30,fish30,fish30,fish30,fish30
bodyparts,,,head,head,torso,torso,tail,tail,head,head,torso,torso,tail,tail,head,head,torso,torso,tail,tail,head,head,torso,torso,tail,tail,head,head,torso,torso,tail,tail,head,head,torso,torso,tail,tail,head,head,torso,torso,tail,tail,head,head,torso,torso,tail,tail,head,head,torso,torso,tail,tail,head,head,torso,torso,tail,tail,head,head,torso,torso,tail,tail,head,head,torso,torso,tail,tail,head,head,torso,torso,tail,tail,head,head,torso,torso,tail,tail,head,head,torso,torso,tail,tail,head,head,torso,torso,tail,tail,head,head,torso,torso,tail,tail,head,head,torso,torso,tail,tail,head,head,torso,torso,tail,tail,head,head,torso,torso,tail,tail,head,head,torso,torso,tail,tail,head,head,torso,torso,tail,tail,head,head,torso,torso,tail,tail,head,head,torso,torso,tail,tail,head,head,torso,torso,tail,tail,head,head,torso,torso,tail,tail,head,head,torso,torso,tail,tail,head,head,torso,torso,tail,tail,head,head,torso,torso,tail,tail,head,head,torso,torso,tail,tail
coords,,,x,y,x,y,x,y,x,y,x,y,x,y,x,y,x,y,x,y,x,y,x,y,x,y,x,y,x,y,x,y,x,y,x,y,x,y,x,y,x,y,x,y,x,y,x,y,x,y,x,y,x,y,x,y,x,y,x,y,x,y,x,y,x,y,x,y,x,y,x,y,x,y,x,y,x,y,x,y,x,y,x,y,x,y,x,y,x,y,x,y,x,y,x,y,x,y,x,y,x,y,x,y,x,y,x,y,x,y,x,y,x,y,x,y,x,y,x,y,x,y,x,y,x,y,x,y,x,y,x,y,x,y,x,y,x,y,x,y,x,y,x,y,x,y,x,y,x,y,x,y,x,y,x,y,x,y,x,y,x,y,x,y,x,y,x,y,x,y,x,y,x,y,x,y,x,y,x,y,x,y
labeled-data,Fish28,img000.png,257.85322733022673,225.18869668123818,253.76428149386487,229.2776425176001,248.312353712049,236.09255224486992,211.51184118479196,159.76556329944788,206.0599134029761,150.2246896812701,,,,,,,,,,,,,,,,,,,,,,,,,,,,,,,,,,,,,,,,,,,,,,,,,,,,,,,,,,,,,,,,,,,,,,,,,,,,,,,,,,,,,,,,,,,,,,,,,,,,,,,,,,,,,,,,,,,,,,,,,,,,,,,,,,,,,,,,,,,,,,,,,,,,,,,,,,,,,,,,,,,,,,,,,,
labeled-data,Fish28,img007.png,267.3941009484045,221.09975084487633,253.76428149386487,229.2776425176001,242.86042593023313,230.64062446305405,211.51184118479196,162.49152719035578,207.42289534843005,157.0395994085399,196.51903978479834,147.4987257903622,,,,,,,,,,,,,,,,,,,,,,,,,,,,,,,,,,,,,,,,,,,,,,,,,,,,,,,,,,,,,,,,,,,,,,,,,,,,,,,,,,,,,,,,,,,,,,,,,,,,,,,,,,,,,,,,,,,,,,,,,,,,,,,,,,,,,,,,,,,,,,,,,,,,,,,,,,,,,,,,,,,,,,,,
labeled-data,Fish28,img012.png,278.29795651203625,223.82571473578423,257.85322733022673,221.09975084487633,244.2234078756871,221.09975084487633,216.9637689666078,167.94345497217165,208.78587729388403,158.40258135399392,201.9709675666142,152.95065357217806,,,,,,,,,,,,,,,,,,,,,,,,,,,,,,,,,,,,,,,,,,,,,,,,,,,,,,,,,,,,,,,,,,,,,,,,,,,,,,,,,,,,,,,,,,,,,,,,,,,,,,,,,,,,,,,,,,,,,,,,,,,,,,,,,,,,,,,,,,,,,,,,,,,,,,,,,,,,,,,,,,,,,,,,
labeled-data,Fish28,img018.png,290.56479402112194,212.9218591721525,278.29795651203625,215.64782306306046,264.6681370574966,215.64782306306046,216.9637689666078,177.48432859034943,211.51184118479196,170.6694188630796,203.33394951206816,161.12854524490183,,,,,,,,,,,,,,,,,,,,,,,,,,,,,,,,,,,,,,,,,,,,,,,,,,,,,,,,,,,,,,,,,,,,,,,,,,,,,,,,,,,,,,,,,,,,,,,,,,,,,,,,,,,,,,,,,,,,,,,,,,,,,,,,,,,,,,,,,,,,,,,,,,,,,,,,,,,,,,,,,,,,,,,,
labeled-data,Fish28,img023.png,305.55759542111554,214.28484111760645,290.56479402112194,215.64782306306046,279.6609384574902,210.1958952812446,222.41569674842367,181.5732744267113,211.51184118479196,173.39538275398752,200.60798562116022,162.49152719035578,,,,,,,,,,,,,,,,,,,,,,,,,,,,,,,,,,,,,,,,,,,,,,,,,,,,,,,,,,,,,,,,,,,,,,,,,,,,,,,,,,,,,,,,,,,,,,,,,,,,,,,,,,,,,,,,,,,,,,,,,,,,,,,,,,,,,,,,,,,,,,,,,,,,,,,,,,,,,,,,,,,,,,,,
labeled-data,Fish28,img026.png,321.9133787665631,211.55887722669854,304.1946134756616,208.83291333579064,276.93497456658224,210.1958952812446,221.05271480296972,182.93625637216525,216.9637689666078,174.75836469944147,208.78587729388403,163.85450913580974,,,,,,,,,,,,,,,,,,,,,,,,,,,,,,,,,,,,,,,,,,,,,,,,,,,,,,,,,,,,,,,,,,,,,,,,,,,,,,,,,,,,,,,,,,,,,,,,,,,,,,,,,,,,,,,,,,,,,,,,,,,,,,,,,,,,,,,,,,,,,,,,,,,,,,,,,,,,,,,,,,,,,,,,
labeled-data,Fish28,img035.png,384.6105482574455,214.28484111760645,357.3509093483662,212.9218591721525,328.7282884938329,211.55887722669854,234.68253425750936,189.75116609943512,223.77867869387762,182.93625637216525,215.60078702115385,177.48432859034943,,,,,,,,,,,,,,,,,,,,,,,,,,,,,,,,,,,,,,,,,,,,,,,,,,,,,,,,,,,,,,,,,,,,,,,,,,,,,,,,,,,,,,,,,,,,,,,,,,,,,,,,,,,,,,,,,,,,,,,,,,,,,,,,,,,,,,,,,,,,,,,,,,,,,,,,,,,,,,,,,,,,,,,,
labeled-data,Fish28,img037.png,403.692295493801,219.73676889942232,381.8845843665376,215.64782306306046,342.3581079483726,208.83291333579064,230.59358842114744,192.47712999034303,229.2306064756935,184.29923831761926,212.87482313024591,177.48432859034943,,,,,,,,,,,,,,,,,,,,,,,,,,,,,,,,,,,,,,,,,,,,,,,,,,,,,,,,,,,,,,,,,,,,,,,,,,,,,,,,,,,,,,,,,,,,,,,,,,,,,,,,,,,,,,,,,,,,,,,,,,,,,,,,,,,,,,,,,,,,,,,,,,,,,,,,,,,,,,,,,,,,,,,,
labeled-data,Fish28,img041.png,443.218771911966,226.55167862669214,410.5072052210708,215.64782306306046,365.52880102109,211.55887722669854,236.0455162029633,192.47712999034303,229.2306064756935,188.38818415398111,219.68973285751574,181.5732744267113,,,,,,,,,,,,,,,,,,,,,,,,,,,,,,,,,,,,,,,,,,,,,,,,,,,,,,,,,,,,,,,,,,,,,,,,,,,,,,,,,,,,,,,,,,,,,,,,,,,,,,,,,,,,,,,,,,,,,,,,,,,,,,,,,,,,,,,,,,,,,,,,,,,,,,,,,,,,,,,,,,,,,,,,
labeled-data,Fish28,img047.png,499.1010316755785,234.72957029941597,466.3894649846834,222.46273279033028,424.13702467561046,215.64782306306046,238.77148009387122,203.38098555397477,234.68253425750936,192.47712999034303,227.86762453023954,187.02520220852716,,,,,,,,,,,,,,,,,,,,,,,,,,,,,,,,,,,,,,,,,,,,,,,,,,,,,,,,,,,,,,,,,,,,,,,,,,,,,,,,,,,,,,,,,,,,,,,,,,,,,,,,,,,,,,,,,,,,,,,,,,,,,,,,,,,,,,,,,,,,,,,,,,,,,,,,,,,,,,,,,,,,,,,,
labeled-data,Fish28,img054.png,569.9760928391847,249.72237169940956,534.5385622573816,238.81851613577783,493.6491038937627,233.36658835396196,241.49744398477918,208.83291333579064,238.77148009387122,200.6550216630668,231.95657036660143,199.29203971761285,,,,,,,,,,,,,,,,,,,,,,,,,,,,,,,,,,,,,,,,,,,,,,,,,,,,,,,,,,,,,,,,,,,,,,,,,,,,,,,,,,,,,,,,,,,,,,,,,,,,,,,,,,,,,,,,,,,,,,,,,,,,,,,,,,,,,,,,,,,,,,,,,,,,,,,,,,,,,,,,,,,,,,,,
labeled-data,Fish28,img061.png,664.0218470755083,278.34499255394286,620.4064248209814,257.90026337213334,571.3390747846387,249.72237169940956,241.49744398477918,212.9218591721525,238.77148009387122,203.38098555397477,233.3195523120554,196.56607582670495,,,,,,,,,,,,,,,,,,,,,,,,,,,,,,,,,,,,,,,,,,,,,,,,,,,,,,,,,,,,,,,,,,,,,,,,,,,,,,,,,,,,,,,,,,,,,,,,,,,,,,,,,,,,,,,,,,,,,,,,,,,,,,,,,,,,,,,,,,,,,,,,,,,,,,,,,,,,,,,,,,,,,,,,
labeled-data,Fish28,img064.png,694.0074498754955,290.6118300630285,650.3920276209686,274.25604671758094,599.9616956391719,257.90026337213334,234.68253425750936,208.83291333579064,237.40849814841727,203.38098555397477,233.3195523120554,192.47712999034303,,,,,,,,,,,,,,,,,,,,,,,,,,,,,,,,,,,,,,,,,,,,,,,,,,,,,,,,,,,,,,,,,,,,,,,,,,,,,,,,,,,,,,,,,,,,,,,,,,,,,,,,,,,,,,,,,,,,,,,,,,,,,,,,,,,,,,,,,,,,,,,,,,,,,,,,,,,,,,,,,,,,,,,,
labeled-data,Fish28,img072.png,830.305644420892,330.1383064811935,774.4233846572795,306.9676134084761,698.0963957118574,285.1599022812127,225.1416606393316,214.28484111760645,226.50464258478556,211.55887722669854,226.50464258478556,204.74396749942872,,,,,,,,,,,,,,,,,,,,,,,,,,,,,,,,,,,,,,,,,,,,,,,,,,,,,,,,,,,,,,,,,,,,,,,,,,,,,,,,,,,,,,,,,,,,,,,,,,,,,,,,,,,,,,,,,,,,,,,,,,,,,,,,,,,,,,,,,,,,,,,,,,,,,,,,,,,,,,,,,,,,,,,,
labeled-data,Fish28,img081.png,,,850.7503736027015,339.67918009937125,812.5868791299905,320.59743286301574,222.41569674842367,218.37378695396836,,,226.5046425847855,214.28484111760645,230.59358842114744,208.83291333579058,,,,,,,,,,,,,,,,,,,,,,,,,,,,,,,,,,,,,,,,,,,,,,,,,,,,,,,,,,,,,,,,,,,,,,,,,,,,,,,,,,,,,,,,,,,,,,,,,,,,,,,,,,,,,,,,,,,,,,,,,,,,,,,,,,,,,,,,,,,,,,,,,,,,,,,,,,,,,,,,,,,,,,
labeled-data,Fish28,img091.png,,,,,,,199.24500367570627,218.37378695396836,210.14885923933798,212.9218591721525,216.9637689666078,207.46993139033663,,,,,,,,,,,,,,,,,,,,,,,,,,,,,,,,,,,,,,,,,,,,,,,,,,,,,,,,,,,,,,,,,,,,,,,,,,,,,,,,,,,,,,,,,,,,,,,,,,,,,,,,,,,,,,,,,,,,,,,,,,,,,,,,,,,,,,,,,,,,,,,,,,,,,,,,,,,,,,,,,,,,,,,,
labeled-data,Fish28,img095.png,,,,,,,192.43009394843645,218.37378695396836,203.33394951206816,214.28484111760645,214.23780507569987,211.55887722669854,,,,,,,,,,,,,,,,,,,,,,,,,,,,,,,,,,,,,,,,,,,,,,,,,,,,,,,,,,,,,,,,,,,,,,,,,,,,,,,,,,,,,,,,,,,,,,,,,,,,,,,,,,,,,,,,,,,,,,,,,,,,,,,,,,,,,,,,,,,,,,,,,,,,,,,,,,,,,,,,,,,,,,,,
labeled-data,Fish28,img100.png,,,,,,,178.80027449389678,221.09975084487633,191.06711200298247,218.37378695396836,199.24500367570627,214.28484111760645,,,,,,,,,,,,,,,,,,,,,,,,,,,,,,,,,,,,,,,,,,,,,,,,,,,,,,,,,,,,,,,,,,,,,,,,,,,,,,,,,,,,,,,,,,,,,,,,,,,,,,,,,,,,,,,,,,,,,,,,,,,,,,,,,,,,,,,,,,,,,,,,,,,,,,,,,,,,,,,,,,,,,,,,
labeled-data,Fish28,img103.png,167.89641893026507,221.09975084487633,176.07431060298887,215.64782306306046,192.43009394843645,215.64782306306046,,,,,,,,,,,,,,,,,,,,,,,,,,,,,,,,,,,,,,,,,,,,,,,,,,,,,,,,,,,,,,,,,,,,,,,,,,,,,,,,,,,,,,,,,,,,,,,,,,,,,,,,,,,,,,,,,,,,,,,,,,,,,,,,,,,,,,,,,,,,,,,,,,,,,,,,,,,,,,,,,,,,,,,,,,,,,,
labeled-data,Fish28,img105.png,167.89641893026507,218.37378695396836,177.43729254844283,217.0108050085144,189.70413005752852,217.0108050085144,,,,,,,,,,,,,,,,,,,,,,,,,,,,,,,,,,,,,,,,,,,,,,,,,,,,,,,,,,,,,,,,,,,,,,,,,,,,,,,,,,,,,,,,,,,,,,,,,,,,,,,,,,,,,,,,,,,,,,,,,,,,,,,,,,,,,,,,,,,,,,,,,,,,,,,,,,,,,,,,,,,,,,,,,,,,,,
