scorer,,,Michael,Michael,Michael,Michael,Michael,Michael,Michael,Michael,Michael,Michael,Michael,Michael,Michael,Michael,Michael,Michael,Michael,Michael,Michael,Michael,Michael,Michael,Michael,Michael,Michael,Michael,Michael,Michael,Michael,Michael,Michael,Michael,Michael,Michael,Michael,Michael,Michael,Michael,Michael,Michael,Michael,Michael,Michael,Michael,Michael,Michael,Michael,Michael,Michael,Michael,Michael,Michael,Michael,Michael,Michael,Michael,Michael,Michael,Michael,Michael,Michael,Michael,Michael,Michael,Michael,Michael,Michael,Michael,Michael,Michael,Michael,Michael,Michael,Michael,Michael,Michael,Michael,Michael,Michael,Michael,Michael,Michael,Michael,Michael,Michael,Michael,Michael,Michael,Michael,Michael,Michael,Michael,Michael,Michael,Michael,Michael,Michael,Michael,Michael,Michael,Michael,Michael,Michael,Michael,Michael,Michael,Michael,Michael,Michael,Michael,Michael,Michael,Michael,Michael,Michael,Michael,Michael,Michael,Michael,Michael,Michael,Michael,Michael,Michael,Michael,Michael,Michael,Michael,Michael,Michael,Michael,Michael,Michael,Michael,Michael,Michael,Michael,Michael,Michael,Michael,Michael,Michael,Michael,Michael,Michael,Michael,Michael,Michael,Michael,Michael,Michael,Michael,Michael,Michael,Michael,Michael,Michael,Michael,Michael,Michael,Michael,Michael,Michael,Michael,Michael,Michael,Michael,Michael,Michael,Michael,Michael,Michael,Michael,Michael,Michael,Michael,Michael,Michael,Michael,Michael
individuals,,,fish1,fish1,fish1,fish1,fish1,fish1,fish2,fish2,fish2,fish2,fish2,fish2,fish3,fish3,fish3,fish3,fish3,fish3,fish4,fish4,fish4,fish4,fish4,fish4,fish5,fish5,fish5,fish5,fish5,fish5,fish6,fish6,fish6,fish6,fish6,fish6,fish7,fish7,fish7,fish7,fish7,fish7,fish8,fish8,fish8,fish8,fish8,fish8,fish9,fish9,fish9,fish9,fish9,fish9,fish10,fish10,fish10,fish10,fish10,fish10,fish11,fish11,fish11,fish11,fish11,fish11,fish12,fish12,fish12,fish12,fish12,fish12,fish13,fish13,fish13,fish13,fish13,fish13,fish14,fish14,fish14,fish14,fish14,fish14,fish15,fish15,fish15,fish15,fish15,fish15,fish16,fish16,fish16,fish16,fish16,fish16,fish17,fish17,fish17,fish17,fish17,fish17,fish18,fish18,fish18,fish18,fish18,fish18,fish19,fish19,fish19,fish19,fish19,fish19,fish20,fish20,fish20,fish20,fish20,fish20,fish21,fish21,fish21,fish21,fish21,fish21,fish22,fish22,fish22,fish22,fish22,fish22,fish23,fish23,fish23,fish23,fish23,fish23,fish24,fish24,fish24,fish24,fish24,fish24,fish25,fish25,fish25,fish25,fish25,fish25,fish26,fish26,fish26,fish26,fish26,fish26,fish27,fish27,fish27,fish27,fish27,fish27,fish28,fish28,fish28,fish28,fish28,fish28,fish29,fish29,fish29,fish29,fish29,fish29,fish30,fish30,fish30,fish30,fish30,fish30
bodyparts,,,head,head,torso,torso,tail,tail,head,head,torso,torso,tail,tail,head,head,torso,torso,tail,tail,head,head,torso,torso,tail,tail,head,head,torso,torso,tail,tail,head,head,torso,torso,tail,tail,head,head,torso,torso,tail,tail,head,head,torso,torso,tail,tail,head,head,torso,torso,tail,tail,head,head,torso,torso,tail,tail,head,head,torso,torso,tail,tail,head,head,torso,torso,tail,tail,head,head,torso,torso,tail,tail,head,head,torso,torso,tail,tail,head,head,torso,torso,tail,tail,head,head,torso,torso,tail,tail,head,head,torso,torso,tail,tail,head,head,torso,torso,tail,tail,head,head,torso,torso,tail,tail,head,head,torso,torso,tail,tail,head,head,torso,torso,tail,tail,head,head,torso,torso,tail,tail,head,head,torso,torso,tail,tail,head,head,torso,torso,tail,tail,head,head,torso,torso,tail,tail,head,head,torso,torso,tail,tail,head,head,torso,torso,tail,tail,head,head,torso,torso,tail,tail,head,head,torso,torso,tail,tail,head,head,torso,torso,tail,tail
coords,,,x,y,x,y,x,y,x,y,x,y,x,y,x,y,x,y,x,y,x,y,x,y,x,y,x,y,x,y,x,y,x,y,x,y,x,y,x,y,x,y,x,y,x,y,x,y,x,y,x,y,x,y,x,y,x,y,x,y,x,y,x,y,x,y,x,y,x,y,x,y,x,y,x,y,x,y,x,y,x,y,x,y,x,y,x,y,x,y,x,y,x,y,x,y,x,y,x,y,x,y,x,y,x,y,x,y,x,y,x,y,x,y,x,y,x,y,x,y,x,y,x,y,x,y,x,y,x,y,x,y,x,y,x,y,x,y,x,y,x,y,x,y,x,y,x,y,x,y,x,y,x,y,x,y,x,y,x,y,x,y,x,y,x,y,x,y,x,y,x,y,x,y,x,y,x,y,x,y,x,y
labeled-data,Fish17,img002.png,172.65545873456105,72.25299647848735,112.68425313458658,20.459682551236682,,,537.9346201162238,68.16405064212543,516.1269089889603,83.15685204211906,506.5860353707825,103.60158122392852,719.2112188616011,149.94296736936334,739.6559480434106,141.76507569663957,762.826641116128,143.12805764209352,,,,,,,,,,,,,,,314.40558106177343,331.2195661147407,,,818.7089008797406,331.2195661147407,833.7017022797341,320.31571055110896,844.6055578433659,316.2267647147471,30.905336407348685,423.9023384056103,66.34286698915176,417.08742867834053,97.69145173459296,419.81339256924844,,,,,,,,,,,,,,,,,,,,,,,,,,,,,,,,,,,,,,,,,,,,,,,,,,,,,,,,,,,,,,,,,,,,,,,,,,,,,,,,,,,,,,,,,,,,,,,,,,,,,,,,,,,,,,,,,,,,,,,,,,,,,,,,,,,,
labeled-data,Fish17,img006.png,195.82615180727845,80.43088815121112,137.21792815275796,20.459682551236682,,,531.1197103889539,58.623177023947676,514.7639270435063,77.70492426030319,501.1341075889667,98.14965344211268,724.663146643417,148.5799854239094,736.9299841525027,140.40209375118556,753.2857674979502,140.40209375118556,,,,,,,,,,,,,,,308.9536532799576,331.2195661147407,,,820.0718828251945,331.2195661147407,833.7017022797341,317.58974666020106,847.3315217342738,313.5008008238391,33.63130029825661,419.81339256924844,60.89093920733591,415.7244467328866,99.05443368004694,415.7244467328866,,,,,,,,,,,,,,,,,,,,,,,,,,,,,,,,,,,,,,,,,,,,,,,,,,,,,,,,,,,,,,,,,,,,,,,,,,,,,,,,,,,,,,,,,,,,,,,,,,,,,,,,,,,,,,,,,,,,,,,,,,,,,,,,,,,,
labeled-data,Fish17,img013.png,247.61946573452914,115.86841873301421,187.64826013455468,49.08230340576995,108.5953072982247,9.555826987604945,539.2976020616777,51.808267296677855,509.3119992616905,70.89001453303337,499.77112564351273,88.60877982393492,719.2112188616011,145.85402153300143,727.3891105343249,133.58718402391574,742.3819119343185,129.49823818755388,843.2425758979119,96.7866714966587,,,,,,,,,,,284.41997826178624,338.03447584201047,304.8647074435957,327.13062027837873,,,815.9829369888326,329.85658416928675,824.1608286615564,318.952728605655,836.427666170642,308.0488730420233,24.090426680078856,417.08742867834053,59.527957261881944,415.7244467328866,94.96548784368503,423.9023384056103,,,,,,,,,,,,,,,,,,,,,,,,,,,,,,,,,,,,,,,,,,,,,,,,,,,,,,,,,,,,,,,,,,,,,,,,,,,,,,,,,,,,,,,,,,,,,,,,,,,,,,,,,,,,,,,,,,,,,,,,,,,,,,,,,,,,
labeled-data,Fish17,img032.png,337.57627413449086,178.56558822389658,292.59786993451,121.32034651483008,233.98964627998947,69.52703258757941,533.8456742798619,38.17844784213821,520.2158548253221,50.4452853512239,498.4081436980588,69.52703258757941,726.026128588871,119.9573645693761,720.574200807055,126.77227429664592,716.4852549706932,134.95016596936975,787.3603161342993,85.88281593302699,836.427666170642,88.60877982393492,,,,,,,,,272.15314075270055,312.13781887838513,292.59786993451,313.5008008238391,306.22768938904966,321.6786924965629,829.6127564433723,305.32290915111537,825.5238106070103,314.86378276929304,815.9829369888326,320.31571055110896,10.460607225539206,422.53935646015634,44.535155861888335,404.82059116925484,82.69865033459936,389.82778976926113,,,,,,,,,,,,,,,,,,,,,,,,,,,,,,,,,,,,,,,,,,,,,,,,,,,,,,,,,,,,,,,,,,,,,,,,,,,,,,,,,,,,,,,,,,,,,,,,,,,,,,,,,,,,,,,,,,,,,,,,,,,,,,,,,,,,
labeled-data,Fish17,img042.png,371.65082277083997,227.63293826023934,343.0282019163067,163.572786823903,296.68681577087193,114.50543678756026,542.0235659525856,15.007754769420814,527.030764552592,28.637574223960456,512.0379631525984,42.2673936785001,715.1222730252392,114.50543678756026,712.3963091343313,119.9573645693761,706.9443813525154,129.49823818755388,753.2857674979502,95.42368955120475,788.7232980797534,88.60877982393492,833.7017022797341,80.43088815121112,,,,,,,261.2492851890688,299.87098136929944,278.9680504799704,305.32290915111537,299.41277966177984,308.0488730420233,843.2425758979119,305.32290915111537,829.6127564433723,312.13781887838513,818.7089008797406,318.952728605655,11.823589170993188,421.17637451470245,47.261119752796255,400.73164533289287,71.79479477096761,392.5537536601691,,,,,,,,,,,,,,,,,,,,,,,,,,,,,,,,,,,,,,,,,,,,,,,,,,,,,,,,,,,,,,,,,,,,,,,,,,,,,,,,,,,,,,,,,,,,,,,,,,,,,,,,,,,,,,,,,,,,,,,,,,,,,,,,,,,,
labeled-data,Fish17,img064.png,412.54028113445895,282.15221607839794,397.54747973446536,215.36610075115365,370.287840825386,171.75067849662676,557.0163673525792,9.555826987604945,540.6605840071317,17.733718660328748,531.1197103889539,24.54862838759857,702.8554355161535,124.04631040573801,689.2256160616139,126.77227429664592,678.3217604979822,126.77227429664592,682.410706334344,111.77947289665232,711.0333271888773,99.51263538756663,753.2857674979502,85.88281593302699,,,,,,,255.79735740725292,297.14501747839154,274.87910464360846,302.59694526020746,285.7829602072402,309.4118549874772,820.0718828251945,276.700288296582,807.8050453161088,290.3301077511218,803.716099479747,299.87098136929944,5.008679443723345,422.5393564601564,45.89813780734229,393.9167356056231,66.34286698915177,374.8349883692675,,,,,,,,,,,,,,,,,,,,,,,,,,,,,,,,,,,,,,,,,,,,,,,,,,,,,,,,,,,,,,,,,,,,,,,,,,,,,,,,,,,,,,,,,,,,,,,,,,,,,,,,,,,,,,,,,,,,,,,,,,,,,,,,,,,,
labeled-data,Fish17,img069.png,420.7181728071827,291.6930896965757,404.3623894617352,230.35890215114725,377.10275055265583,179.9285701693506,565.194259025303,9.555826987604945,544.7495298434935,19.0967006057827,532.4826923344078,28.637574223960456,697.4035077343376,121.32034651483008,691.9515799525218,126.77227429664592,683.773688279798,132.2242020784618,670.1438688252583,117.23140067846819,698.7664896797917,100.87561733302061,731.4780563706868,94.06070760575076,,,,,,,251.70841157089106,295.7820355329376,273.5161226981545,302.59694526020746,285.7829602072402,310.7748369329312,814.6199550433787,265.7964327329504,807.8050453161088,273.9743244056741,800.990135588839,286.2411619147598,7.734643334631301,418.4504106237944,37.720246134618506,384.3758619874453,63.61690309824384,372.1090244783595,,,,,,,,,,,,,,,,,,,,,,,,,,,,,,,,,,,,,,,,,,,,,,,,,,,,,,,,,,,,,,,,,,,,,,,,,,,,,,,,,,,,,,,,,,,,,,,,,,,,,,,,,,,,,,,,,,,,,,,,,,,,,,,,,,,,
labeled-data,Fish17,img079.png,407.0883533526431,310.7748369329312,411.177299189005,248.0776674420488,397.54747973446536,211.27715491479174,,,554.2904034616712,9.55582698760577,532.4826923344078,21.822664496690635,696.0405257888835,128.13525624210092,687.8626341161598,125.40929235119299,681.04772438889,125.40929235119299,634.7063382434552,115.86841873301518,659.2400132616266,106.32754511483745,705.5813994070613,91.33474371484388,24.090426680078853,159.48384098754116,7.734643334631279,134.95016596936978,,,259.88630324361475,298.5079994238459,276.24208658906235,309.4118549874777,287.14594215269403,318.9527286056554,772.3675147343056,257.6185410602277,781.9083883524834,267.1594146784055,796.901189752477,276.70028829658327,0.9197336073614508,415.7244467328867,24.090426680078853,380.28691615108346,47.26111975279625,361.2051689147279,,,,,,,,,,,,,,,,,,,,,,,,,,,,,,,,,,,,,,,,,,,,,,,,,,,,,,,,,,,,,,,,,,,,,,,,,,,,,,,,,,,,,,,,,,,,,,,,,,,,,,,,,,,,,,,,,,,,,,,,,,,,,,,,,,,,
labeled-data,Fish17,img083.png,374.3767866617478,316.2267647147476,411.1772991890049,260.3445049511351,404.36238946173506,218.0920646420622,574.7351326434807,16.37073671487562,554.2904034616712,16.37073671487559,539.2976020616776,16.37073671487559,694.6775438434296,126.77227429664697,682.4107063343439,124.046310405739,670.1438688252582,126.77227429664697,625.1654620255956,113.14245484210612,649.699137043767,102.23859927847441,682.4107037346621,95.42368955120453,32.268315753120916,169.02471460571888,21.364460189489193,152.66893126027134,3.6456948985876423,136.31314791482367,259.88630064393305,299.87098136929944,277.6050659348346,308.0488730420232,296.6868131711901,317.589746660201,764.1896204619001,260.34450495113435,773.7304940800777,260.34450495113435,791.4492593709793,267.1594146784042,2.2827129531337107,412.99848284197867,18.638496298581273,391.1907717147152,45.89813520766057,358.47920502382004,,,,,,,,,,,,,,,,,,,,,,,,,,,,,,,,,,,,,,,,,,,,,,,,,,,,,,,,,,,,,,,,,,,,,,,,,,,,,,,,,,,,,,,,,,,,,,,,,,,,,,,,,,,,,,,,,,,,,,,,,,,,,,,,,,,,
labeled-data,Fish17,img096.png,334.85030764390115,331.21956611474064,392.0955493529677,273.9743244056741,417.992206316593,238.536793823871,565.1942564256211,6.8298630966968545,552.9274189165354,13.644772823966704,544.7495272438117,23.18564644214446,689.225613461932,139.03911180573147,674.2328120619384,130.86122013300763,660.6029926073987,126.77227429664573,,,,,621.0765161892338,106.3275451148363,56.80199077129228,211.27715491479177,47.261117153114526,188.10646184207434,32.268315753120916,163.57278682390302,270.7901562075648,302.59694526020735,284.41997566210443,309.41185498747717,292.59786733482827,320.3157105511089,732.8410357164588,246.7146854965947,746.4708551709984,249.44064938750262,766.915584352808,253.52959522386453,-0.44325093777422353,411.6355008965247,18.638496298581273,391.1907717147152,32.26831575312093,354.3902591874582,,,,,,,,,,,,,,,,,,,,,,,,,,,,,,,,,,,,,,,,,,,,,,,,,,,,,,,,,,,,,,,,,,,,,,,,,,,,,,,,,,,,,,,,,,,,,,,,,,,,,,,,,,,,,,,,,,,,,,,,,,,,,,,,,,,,
labeled-data,Fish17,img109.png,276.24208398938066,343.48640362382633,341.66521737117097,294.4190535874836,408.45133269841523,256.25555911477255,565.1942564256211,6.8298630966968545,555.6533828074434,13.644772823966704,547.4754911347196,25.911610333052394,697.4035051346558,147.21700347845524,679.6847398437542,134.95016596936955,659.2400106619448,124.0463104057378,,,,,,,74.5207560621938,230.35890215114728,66.34286438947005,212.64013686024572,51.350062989476385,199.01031740570608,265.3382284257489,310.7748369329312,277.6050659348346,310.7748369329312,289.8719034439203,313.5008008238391,711.0333245891954,245.3517035511407,728.752089880097,245.3517035511407,751.9227829528144,245.3517035511407,0.9197310076797365,404.82059116925484,22.727442134943175,384.3758619874454,30.905333807666963,353.0272772420042,,,,,,,,,,,,,,,,,,,,,,,,,,,,,,,,,,,,,,,,,,,,,,,,,,,,,,,,,,,,,,,,,,,,,,,,,,,,,,,,,,,,,,,,,,,,,,,,,,,,,,,,,,,,,,,,,,,,,,,,,,,,,,,,,,,,
