scorer,,,Michael,Michael,Michael,Michael,Michael,Michael,Michael,Michael,Michael,Michael,Michael,Michael,Michael,Michael,Michael,Michael,Michael,Michael,Michael,Michael,Michael,Michael,Michael,Michael,Michael,Michael,Michael,Michael,Michael,Michael,Michael,Michael,Michael,Michael,Michael,Michael,Michael,Michael,Michael,Michael,Michael,Michael,Michael,Michael,Michael,Michael,Michael,Michael,Michael,Michael,Michael,Michael,Michael,Michael,Michael,Michael,Michael,Michael,Michael,Michael,Michael,Michael,Michael,Michael,Michael,Michael,Michael,Michael,Michael,Michael,Michael,Michael,Michael,Michael,Michael,Michael,Michael,Michael,Michael,Michael,Michael,Michael,Michael,Michael,Michael,Michael,Michael,Michael,Michael,Michael,Michael,Michael,Michael,Michael,Michael,Michael,Michael,Michael,Michael,Michael,Michael,Michael,Michael,Michael,Michael,Michael,Michael,Michael,Michael,Michael,Michael,Michael,Michael,Michael,Michael,Michael,Michael,Michael,Michael,Michael,Michael,Michael,Michael,Michael,Michael,Michael,Michael,Michael,Michael,Michael,Michael,Michael,Michael,Michael,Michael,Michael,Michael,Michael,Michael,Michael,Michael,Michael,Michael,Michael,Michael,Michael,Michael,Michael,Michael,Michael,Michael,Michael,Michael,Michael,Michael,Michael,Michael,Michael,Michael,Michael,Michael,Michael,Michael,Michael,Michael,Michael,Michael,Michael,Michael,Michael,Michael,Michael,Michael,Michael,Michael,Michael,Michael,Michael,Michael,Michael
individuals,,,fish1,fish1,fish1,fish1,fish1,fish1,fish2,fish2,fish2,fish2,fish2,fish2,fish3,fish3,fish3,fish3,fish3,fish3,fish4,fish4,fish4,fish4,fish4,fish4,fish5,fish5,fish5,fish5,fish5,fish5,fish6,fish6,fish6,fish6,fish6,fish6,fish7,fish7,fish7,fish7,fish7,fish7,fish8,fish8,fish8,fish8,fish8,fish8,fish9,fish9,fish9,fish9,fish9,fish9,fish10,fish10,fish10,fish10,fish10,fish10,fish11,fish11,fish11,fish11,fish11,fish11,fish12,fish12,fish12,fish12,fish12,fish12,fish13,fish13,fish13,fish13,fish13,fish13,fish14,fish14,fish14,fish14,fish14,fish14,fish15,fish15,fish15,fish15,fish15,fish15,fish16,fish16,fish16,fish16,fish16,fish16,fish17,fish17,fish17,fish17,fish17,fish17,fish18,fish18,fish18,fish18,fish18,fish18,fish19,fish19,fish19,fish19,fish19,fish19,fish20,fish20,fish20,fish20,fish20,fish20,fish21,fish21,fish21,fish21,fish21,fish21,fish22,fish22,fish22,fish22,fish22,fish22,fish23,fish23,fish23,fish23,fish23,fish23,fish24,fish24,fish24,fish24,fish24,fish24,fish25,fish25,fish25,fish25,fish25,fish25,fish26,fish26,fish26,fish26,fish26,fish26,fish27,fish27,fish27,fish27,fish27,fish27,fish28,fish28,fish28,fish28,fish28,fish28,fish29,fish29,fish29,fish29,fish29,fish29,fish30,fish30,fish30,fish30,fish30,fish30
bodyparts,,,head,head,torso,torso,tail,tail,head,head,torso,torso,tail,tail,head,head,torso,torso,tail,tail,head,head,torso,torso,tail,tail,head,head,torso,torso,tail,tail,head,head,torso,torso,tail,tail,head,head,torso,torso,tail,tail,head,head,torso,torso,tail,tail,head,head,torso,torso,tail,tail,head,head,torso,torso,tail,tail,head,head,torso,torso,tail,tail,head,head,torso,torso,tail,tail,head,head,torso,torso,tail,tail,head,head,torso,torso,tail,tail,head,head,torso,torso,tail,tail,head,head,torso,torso,tail,tail,head,head,torso,torso,tail,tail,head,head,torso,torso,tail,tail,head,head,torso,torso,tail,tail,head,head,torso,torso,tail,tail,head,head,torso,torso,tail,tail,head,head,torso,torso,tail,tail,head,head,torso,torso,tail,tail,head,head,torso,torso,tail,tail,head,head,torso,torso,tail,tail,head,head,torso,torso,tail,tail,head,head,torso,torso,tail,tail,head,head,torso,torso,tail,tail,head,head,torso,torso,tail,tail,head,head,torso,torso,tail,tail
coords,,,x,y,x,y,x,y,x,y,x,y,x,y,x,y,x,y,x,y,x,y,x,y,x,y,x,y,x,y,x,y,x,y,x,y,x,y,x,y,x,y,x,y,x,y,x,y,x,y,x,y,x,y,x,y,x,y,x,y,x,y,x,y,x,y,x,y,x,y,x,y,x,y,x,y,x,y,x,y,x,y,x,y,x,y,x,y,x,y,x,y,x,y,x,y,x,y,x,y,x,y,x,y,x,y,x,y,x,y,x,y,x,y,x,y,x,y,x,y,x,y,x,y,x,y,x,y,x,y,x,y,x,y,x,y,x,y,x,y,x,y,x,y,x,y,x,y,x,y,x,y,x,y,x,y,x,y,x,y,x,y,x,y,x,y,x,y,x,y,x,y,x,y,x,y,x,y,x,y,x,y
labeled-data,Fish23,img001.png,354.62494545745824,79.34962851766392,402.32931354834705,82.07559240857185,445.94473580287394,84.80155629947978,233.3195523120554,146.13574384490823,260.5791912211347,146.13574384490823,281.02392040294416,151.5876716267241,180.1632564393508,158.40258135399392,201.97096756661423,163.85450913580974,225.14166063933163,174.75836469944147,330.0912704392869,225.18869668123818,354.6249454574583,219.73676889942232,385.9735302028995,223.82571473578423,361.4398551847281,291.9748120084825,385.9735302028995,282.4339383903047,418.68509689379465,275.6190286630349,436.4038621846962,360.1239092811807,463.6635010937755,362.8498731720887,492.2861219483088,366.93881900845054,542.7164539301056,328.7753245357395,565.887147002823,313.7825231357459,590.4208220209944,301.51568562666023,574.0650386755467,260.6262272630413,597.2357317482641,248.3593897539556,620.4064248209816,244.2704439175937,610.8655512028038,425.547042662971,644.9400998391529,425.547042662971,677.6516665300481,432.3619523902409,710.3632332209432,372.3907467902664,740.3488360209304,358.76092733572676,778.5123304936415,350.583035663003,702.1853415482194,376.47969262662826,747.1637457482003,381.9316204084442,794.8681138390891,377.84267457208233,756.7046193663781,267.4411369903111,837.120554148162,223.82571473578423,,,,,,,,,777.1493485481875,409.1912593175235,794.8681138390891,403.73933153570766,820.7647708027145,396.9244218084378,,,,,,,,,,,,,,,,,,,,,,,,,,,,,,,,,,,,,,,,,,,,,,,,,,,,,,,,,,,,,,,,,,,,,,,,,,,,,,,,,,,,,,,,,,,,,,,,
labeled-data,Fish23,img010.png,272.8460287302204,48.001043772222715,317.8244329302012,56.17893544494652,357.35090934836626,67.08279100857823,185.61518422116666,127.05399660855272,208.78587729388406,131.14294244491458,236.04551620296334,135.2318882812765,152.9036175302715,144.77276189945422,178.80027449389684,151.5876716267241,197.88202173025235,158.40258135399392,274.20901067567434,207.46993139033663,301.4686495847537,210.1958952812446,332.8172343301949,208.83291333579064,305.55759542111554,275.6190286630349,334.18021627564883,275.6190286630349,362.80283713018207,279.7079744993968,407.78124133016297,346.4940898266411,435.04088023924226,347.857071772095,465.0264830392295,351.94601760845694,495.0120858392167,319.2344509175618,515.4568150210263,309.693577299384,550.8943456028294,308.33059535393005,541.3534719846516,260.6262272630413,565.887147002823,249.72237169940956,587.6948581300863,246.99640780850166,564.524165057369,409.1912593175235,589.0578400755404,417.3691509902473,624.4953706573434,421.45809682660916,640.8511540027911,375.1167106811743,670.8367568027783,358.76092733572676,713.0891971118511,357.3979453902728,702.1853415482194,347.857071772095,723.9930526754829,365.5758370629966,753.9786554754702,375.1167106811743,702.1853389485377,283.7969203357586,762.1565445485121,245.63342586304762,848.1993806145638,222.33209324640166,806.7997298488865,132.0055824849237,850.7084503579383,125.73290812648774,,,750.3456606229627,409.2577891277936,765.400079083209,397.96697528260887,794.2543811320145,385.4216265657369,,,,,,,,,,,,,,,,,,,,,,,,,,,,,,,,,,,,,,,,,,,,,,,,,,,,,,,,,,,,,,,,,,,,,,,,,,,,,,,,,,,,,,,,,,,,,,,,
labeled-data,Fish23,img017.png,194.5867124655357,34.15186249332251,238.49543297458752,39.17000198007129,288.6768278420753,47.95174608188165,144.40531759804793,114.44209428130294,163.22334067335584,114.44209428130294,185.80496836372532,118.20569889636452,119.31462016430402,138.27825684335966,151.9325268281711,142.04186145842124,177.02322426191495,145.80546607348282,230.96822374446435,193.47779119759622,253.54985143483384,193.47779119759622,288.6768278420753,198.49593068434496,273.62240938182896,275.02255785726385,291.18589758544965,275.02255785726385,313.7675252758192,277.5316276006382,377.7488037318661,333.98569682656193,407.8576406523587,333.98569682656193,437.9664775728514,335.24023169824915,450.5118262897233,322.6948829813772,478.1115934668416,308.8949993928181,498.1841514138367,302.6223250343821,532.056592949391,268.74988349882784,548.3655462813244,253.69546503858152,569.6926391000068,249.93186042351994,527.0384534626421,397.96697528260887,555.8927555114476,400.47604502598324,578.4743832018171,408.0032542561064,594.7833365337506,372.87627784886496,623.6376385825561,357.82185938861863,655.0010103747359,355.31278964524427,660.0191498614847,323.9494178530644,685.1098472952287,346.5310455434339,716.4732190874086,367.8581383621162,668.800893963295,283.80430195907417,747.8365908795884,238.6410465783352,806.7997298488865,226.09569786146324,711.4550796006597,126.98744299817493,760.3819395964604,119.46023376805176,830.6358924109431,114.44209428130297,724.0004283175317,415.53046348622956,741.5639165211524,395.45790553923445,769.1636836982707,382.91255682236255,,,,,,,,,,,,,,,,,,,,,,,,,,,,,,,,,,,,,,,,,,,,,,,,,,,,,,,,,,,,,,,,,,,,,,,,,,,,,,,,,,,,,,,,,,,,,,,,
labeled-data,Fish23,img020.png,159.45973605829425,24.115583519824966,203.36845656734607,30.38825787826093,246.02264220471068,44.18814146682007,118.06008529261686,103.1512804361182,141.89624785467356,106.91488505117978,168.24148016010463,113.18755940961576,103.00566683237054,135.76918709998523,135.62357349623755,138.27825684335966,166.98694528841742,143.2963963301084,204.62299143903323,182.18697735241142,233.47729348783872,185.95058196747306,262.33159553664416,194.73232606928337,253.54985143483384,272.5134881138894,269.8588047667673,273.76802298557664,294.94950220051123,268.74988349882784,367.7125247583685,325.2039527247516,399.0758965505484,322.6948829813772,424.1665939842922,323.9494178530644,429.18473347104106,312.65860400787966,454.27543090478486,306.38592964944365,476.85705859515434,300.1132552910077,524.5293837192678,270.00441837051505,540.8383370512013,258.7136045253303,568.4381042283196,249.93186042351994,496.9296165421495,389.1852311807985,533.3111278210781,391.69430092417286,559.6563601265093,401.73057989767045,560.9108949981965,375.3853475922394,593.5288016620634,360.33092913199306,636.1829872994281,357.82185938861863,655.0010103747359,317.67674349462845,667.5463590916079,335.24023169824915,697.6551960121005,354.05825477355705,666.2918242199207,287.56790657413575,717.7277539590957,251.18639529520715,791.7453113886402,224.84116298977608,661.2736847331719,126.98744299817493,705.1824052422237,115.69662915299016,772.9272883133322,118.20569889636455,705.1824052422237,421.80313784466557,735.2912421627163,399.221510154296,757.8728698530858,386.6761614374241,,,,,,,,,,,,,,,,,,,,,,,,,,,,,,,,,,,,,,,,,,,,,,,,,,,,,,,,,,,,,,,,,,,,,,,,,,,,,,,,,,,,,,,,,,,,,,,,
labeled-data,Fish23,img027.png,,,136.87810836792477,11.570234802953024,187.05950323541254,27.879188134886547,71.64229504019067,94.36953633430785,95.47845760224737,96.87860607768222,123.0782247793656,96.87860607768222,75.40589965525226,129.49651274154928,108.02380631911927,129.49651274154928,138.13264323961198,133.26011735661086,159.45973605829425,160.85988453372914,184.55043349203817,167.1325588921651,214.65927041253082,172.1506983789139,219.67740989927955,281.2952322156998,241.00450271796188,271.25895324220227,261.077060664957,272.5134881138894,343.87636219631185,313.9131388795669,370.2215945017429,312.65860400787966,396.566826807174,315.16767375125403,392.8032221921124,298.8587204193205,417.8939196258563,298.8587204193205,440.4755473162258,301.3677901626949,514.4931047457703,277.5316276006382,527.0384534626421,264.98627888376626,544.601941666263,254.94999991026873,463.0571750065953,375.3853475922394,496.9296165421495,376.63988246392654,520.7657791042061,382.91255682236255,517.0021744891446,372.87627784886496,544.601941666263,362.8399988753674,573.4562437150685,356.5673245169314,646.2192662729256,308.8949993928181,651.2374057596744,321.44034810969004,670.0554288349824,340.25837118499794,643.7101965295512,288.82244144582296,685.1098472952287,261.2226742687047,741.5639165211524,237.38651170664798,575.9653134584428,104.40581530780541,627.4012431976178,101.89674556443104,667.5463590916079,106.91488505117981,681.346242680167,426.8212773314143,706.4369401139109,409.2577891277936,732.782172419342,401.73057989767045,,,,,,,,,,,,,,,,,,,,,,,,,,,,,,,,,,,,,,,,,,,,,,,,,,,,,,,,,,,,,,,,,,,,,,,,,,,,,,,,,,,,,,,,,,,,,,,,
labeled-data,Fish23,img030.png,,,119.31462016430402,9.061165059578627,164.47787554504305,20.351978904763385,60.35148119500593,93.11500146262064,82.93310888537542,93.11500146262064,113.04194580586807,95.62407120599504,70.38776016850346,126.9874429981749,99.24206221730896,125.73290812648769,131.85996888117597,130.7510476132365,141.89624785467356,160.85988453372914,170.750549903479,162.11441940541636,197.09578220891007,167.1325588921651,218.4228750275924,272.5134881138894,234.73182835952593,271.25895324220227,251.04078169145942,264.98627888376626,336.3491529661887,312.65860400787966,365.20345501499406,308.8949993928181,391.54868732042524,310.14953426450523,384.02147809030197,288.82244144582296,405.3485709089843,292.58604606088454,426.67566372766663,296.3496506759461,517.0021744891446,276.277092728951,525.783918590955,264.98627888376626,538.329267307827,254.94999991026873,458.03903551984644,374.13081272055217,480.62066321021604,376.63988246392654,503.2022909005855,379.14895220730097,505.71136064395984,370.3672081054906,528.2929883343293,364.09453374705464,559.6563601265093,357.82185938861863,647.4738011446127,302.6223250343821,652.4919406313616,321.44034810969004,665.0372893482336,337.7493014416235,627.4012431976178,295.0951158042589,677.5826380651056,261.2226742687047,739.054846777778,231.11383734821203,544.601941666263,90.60593171924627,599.8014760204994,96.87860607768225,648.7283360163001,106.91488505117981,678.8371729367927,425.56674245972715,695.1461262687262,411.766858871168,720.23682370247,402.98511476935766,,,,,,,,,,,,,,,,,,,,,,,,,,,,,,,,,,,,,,,,,,,,,,,,,,,,,,,,,,,,,,,,,,,,,,,,,,,,,,,,,,,,,,,,,,,,,,,,
labeled-data,Fish23,img036.png,,,,,126.84182939442718,10.315699931265826,26.479039659451672,83.07872248912308,52.82427196488277,85.58779223249748,79.16950427031384,89.35139684755906,45.29706273475958,128.24197786986207,75.40589965525226,124.4783732548005,104.26020170405769,125.73290812648769,110.5328760624937,130.7510476132365,134.36903862455034,140.78732658673403,165.7324104167302,153.33267530360598,199.6048519522845,287.5679065741357,208.3865960540948,272.5134881138894,225.95008425771556,268.74988349882784,327.56740886437825,297.60418554763334,347.6399668113734,295.0951158042589,379.00333860355323,300.1132552910077,361.4398503999325,290.0769763175102,380.2578734752404,288.82244144582296,400.33043142223556,291.33151118919733,504.4568257722727,283.80430195907417,514.4931047457703,268.74988349882784,533.3111278210781,257.4590696536431,425.4211288559795,362.8399988753674,444.2391519312874,364.09453374705464,468.075314493344,364.09453374705464,454.27543090478486,375.3853475922394,486.89333756865193,365.3490686187418,515.7476396174575,357.82185938861863,626.1467083259306,302.6223250343821,633.6739175560538,318.9312783663156,655.0010103747359,330.22209221150035,593.5288016620634,302.6223250343821,638.6920570428024,271.25895324220227,706.4369401139109,243.659186065084,481.8751980819032,79.31511787406153,530.8020580777038,84.33325736081032,589.765197047002,96.87860607768225,655.0010103747359,431.8394168181631,671.3099637066696,423.0576727163527,697.6551960121005,416.7849983579168,,,,,,,,,,,,,,,,,,,,,,,,,,,,,,,,,,,,,,,,,,,,,,,,,,,,,,,,,,,,,,,,,,,,,,,,,,,,,,,,,,,,,,,,,,,,,,,,
