scorer,,,Michael,Michael,Michael,Michael,Michael,Michael,Michael,Michael,Michael,Michael,Michael,Michael,Michael,Michael,Michael,Michael,Michael,Michael,Michael,Michael,Michael,Michael,Michael,Michael,Michael,Michael,Michael,Michael,Michael,Michael,Michael,Michael,Michael,Michael,Michael,Michael,Michael,Michael,Michael,Michael,Michael,Michael,Michael,Michael,Michael,Michael,Michael,Michael,Michael,Michael,Michael,Michael,Michael,Michael,Michael,Michael,Michael,Michael,Michael,Michael,Michael,Michael,Michael,Michael,Michael,Michael,Michael,Michael,Michael,Michael,Michael,Michael,Michael,Michael,Michael,Michael,Michael,Michael,Michael,Michael,Michael,Michael,Michael,Michael,Michael,Michael,Michael,Michael,Michael,Michael,Michael,Michael,Michael,Michael,Michael,Michael,Michael,Michael,Michael,Michael,Michael,Michael,Michael,Michael,Michael,Michael,Michael,Michael,Michael,Michael,Michael,Michael,Michael,Michael,Michael,Michael,Michael,Michael,Michael,Michael,Michael,Michael,Michael,Michael,Michael,Michael,Michael,Michael,Michael,Michael,Michael,Michael,Michael,Michael,Michael,Michael,Michael,Michael,Michael,Michael,Michael,Michael,Michael,Michael,Michael,Michael,Michael,Michael,Michael,Michael,Michael,Michael,Michael,Michael,Michael,Michael,Michael,Michael,Michael,Michael,Michael,Michael,Michael,Michael,Michael,Michael,Michael,Michael,Michael,Michael,Michael,Michael,Michael,Michael,Michael,Michael,Michael,Michael,Michael,Michael
individuals,,,fish1,fish1,fish1,fish1,fish1,fish1,fish2,fish2,fish2,fish2,fish2,fish2,fish3,fish3,fish3,fish3,fish3,fish3,fish4,fish4,fish4,fish4,fish4,fish4,fish5,fish5,fish5,fish5,fish5,fish5,fish6,fish6,fish6,fish6,fish6,fish6,fish7,fish7,fish7,fish7,fish7,fish7,fish8,fish8,fish8,fish8,fish8,fish8,fish9,fish9,fish9,fish9,fish9,fish9,fish10,fish10,fish10,fish10,fish10,fish10,fish11,fish11,fish11,fish11,fish11,fish11,fish12,fish12,fish12,fish12,fish12,fish12,fish13,fish13,fish13,fish13,fish13,fish13,fish14,fish14,fish14,fish14,fish14,fish14,fish15,fish15,fish15,fish15,fish15,fish15,fish16,fish16,fish16,fish16,fish16,fish16,fish17,fish17,fish17,fish17,fish17,fish17,fish18,fish18,fish18,fish18,fish18,fish18,fish19,fish19,fish19,fish19,fish19,fish19,fish20,fish20,fish20,fish20,fish20,fish20,fish21,fish21,fish21,fish21,fish21,fish21,fish22,fish22,fish22,fish22,fish22,fish22,fish23,fish23,fish23,fish23,fish23,fish23,fish24,fish24,fish24,fish24,fish24,fish24,fish25,fish25,fish25,fish25,fish25,fish25,fish26,fish26,fish26,fish26,fish26,fish26,fish27,fish27,fish27,fish27,fish27,fish27,fish28,fish28,fish28,fish28,fish28,fish28,fish29,fish29,fish29,fish29,fish29,fish29,fish30,fish30,fish30,fish30,fish30,fish30
bodyparts,,,head,head,torso,torso,tail,tail,head,head,torso,torso,tail,tail,head,head,torso,torso,tail,tail,head,head,torso,torso,tail,tail,head,head,torso,torso,tail,tail,head,head,torso,torso,tail,tail,head,head,torso,torso,tail,tail,head,head,torso,torso,tail,tail,head,head,torso,torso,tail,tail,head,head,torso,torso,tail,tail,head,head,torso,torso,tail,tail,head,head,torso,torso,tail,tail,head,head,torso,torso,tail,tail,head,head,torso,torso,tail,tail,head,head,torso,torso,tail,tail,head,head,torso,torso,tail,tail,head,head,torso,torso,tail,tail,head,head,torso,torso,tail,tail,head,head,torso,torso,tail,tail,head,head,torso,torso,tail,tail,head,head,torso,torso,tail,tail,head,head,torso,torso,tail,tail,head,head,torso,torso,tail,tail,head,head,torso,torso,tail,tail,head,head,torso,torso,tail,tail,head,head,torso,torso,tail,tail,head,head,torso,torso,tail,tail,head,head,torso,torso,tail,tail,head,head,torso,torso,tail,tail,head,head,torso,torso,tail,tail
coords,,,x,y,x,y,x,y,x,y,x,y,x,y,x,y,x,y,x,y,x,y,x,y,x,y,x,y,x,y,x,y,x,y,x,y,x,y,x,y,x,y,x,y,x,y,x,y,x,y,x,y,x,y,x,y,x,y,x,y,x,y,x,y,x,y,x,y,x,y,x,y,x,y,x,y,x,y,x,y,x,y,x,y,x,y,x,y,x,y,x,y,x,y,x,y,x,y,x,y,x,y,x,y,x,y,x,y,x,y,x,y,x,y,x,y,x,y,x,y,x,y,x,y,x,y,x,y,x,y,x,y,x,y,x,y,x,y,x,y,x,y,x,y,x,y,x,y,x,y,x,y,x,y,x,y,x,y,x,y,x,y,x,y,x,y,x,y,x,y,x,y,x,y,x,y,x,y,x,y,x,y
labeled-data,Fish11,img000.png,638.187580385279,202.12079679457,601.5559738204217,206.60629963924643,563.4291996406726,219.31522436582955,543.9920206470747,140.8189245839927,514.0886683492322,124.37208082017926,470.7288075173604,122.12932939784108,321.21204032453556,80.26463618086154,287.57076898946264,89.23564187021432,252.43433003949758,101.19698278935135,441.5730333233521,247.72340904878013,471.47638562119477,241.74273858921163,510.35074360839013,236.5096519370892,261.40533572885033,266.41300423493175,292.056271834139,254.45166331579475,324.2023755543198,251.4613280860105,578.380870085982,323.22937360083273,550.7202692104777,325.4721250231709,518.5741654902968,329.9576278678473,355.6008954670545,356.1230611284596,317.4741212873052,355.37547732101353,285.3280175671244,358.3658125507978,249.44399480971327,408.45392764968415,197.86071209593473,408.45392764968415,161.22910553107758,409.2015114571302,132.8209208481271,369.5795696624888,102.16998474283841,345.65688782421466,71.51904863754973,332.9479630976316,306.26036417561426,273.14125850194637,256.1722490767279,250.71374427856438,209.82205301507184,241.74273858921163,437.8351142861217,406.21117622734596,440.825449515906,426.39593902838976,440.825449515906,455.5517075187863,12.45992784931056,366.58923443270453,61.05287533330481,375.5602401220573,124.59749896622037,392.7546676933168,,,,,,,,,,,,,,,,,,,,,,,,,,,,,,,,,,,,,,,,,,,,,,,,,,,,,,,,,,,,,,,,,,,,,,,,,,,,,,,,,,,,,,,,,,,,,,,,,,,,,,,,,,,,
labeled-data,Fish11,img003.png,652.3916670231424,199.1304615647859,617.2552280731775,207.35388344669263,579.1284538934281,219.3152243658297,561.9340263221686,146.05201123611528,524.5548359498653,127.36241604996366,478.9522236956554,119.886577975503,333.9209650511186,71.29363049150884,297.28935848626145,79.51705237341555,257.66741669161996,84.75013902553799,427.3689409818768,246.97582524133418,456.5247094722733,238.00481955198143,486.4280617701159,235.76206812964324,253.1819138469436,273.1412585019464,286.8231851820165,262.6750851977015,311.49345082773664,255.94683093068693,591.8373786200112,335.19071451996996,568.6622805891832,331.45279548273965,543.2444311360169,331.4527954827396,366.81465257874544,351.63755828378333,334.66854885856463,353.13272589867546,301.0272775234917,359.86098016568997,273.3666766479873,409.9490952645764,221.03581012676273,409.9490952645764,178.42353310233702,412.19184668691446,145.52984557471015,377.8029915443956,118.61682850665181,359.86098016568997,88.7134762088092,342.66655259443047,321.2120403245355,278.3743451540689,272.61909284054127,255.19924712324087,225.52131297143916,242.49032239665775,435.5923628637834,403.2208409975618,434.84477905633736,424.90077141349775,434.84477905633736,459.28962655601674,6.479257389742024,365.0940668178124,43.11086395459923,374.8126563146112,94.69414666837773,393.50225150076295,,,,,,,,,,,,,,,,,,,,,,,,,,,,,,,,,,,,,,,,,,,,,,,,,,,,,,,,,,,,,,,,,,,,,,,,,,,,,,,,,,,,,,,,,,,,,,,,,,,,,,,,,,,,
labeled-data,Fish11,img009.png,693.5087764326761,205.85871583180068,648.6537479859121,210.34421867647706,607.5366385763786,220.06280817327593,589.5946271976729,156.51818454036038,564.1767777445068,139.32375696910083,532.030674024326,126.61483224251772,356.34847927450056,57.08953815003356,326.44512697665795,63.81779241704815,292.05627183413895,64.56537622449422,383.2614963425589,246.228241433888,415.40760006273973,233.51931670730494,446.8061199754745,230.5289814775207,238.97782150546834,287.34535084342156,265.8908385735267,274.63642611683844,298.7845261011536,264.9178366200396,618.0028118806234,356.8706449359057,586.6042919678887,350.1423906688911,557.4485234774921,351.6375582837833,398.21317249148024,345.65688782421466,358.5912306968387,351.6375582837832,327.19271078410395,359.8609801656899,316.7265374798591,406.21117622734596,259.9101681139581,409.9490952645763,210.5696368225178,410.69667907202233,191.88004163636623,391.2595000784246,138.0540075002495,376.3078239295033,114.87890946942149,365.0940668178123,350.36780881493206,288.0929346508677,312.2410346351827,274.6364261168385,269.628757610757,252.95649570090256,416.15518387018574,400.2305057677774,413.91243244784755,421.1628523762672,413.91243244784755,456.29929132623226,,,,,22.926101153555464,371.0747372773808,,,,,,,,,,,,,,,,,,,,,,,,,,,,,,,,,,,,,,,,,,,,,,,,,,,,,,,,,,,,,,,,,,,,,,,,,,,,,,,,,,,,,,,,,,,,,,,,,,,,,,,,,,,,
labeled-data,Fish11,img013.png,706.2177011592591,208.10146725413875,665.8481755571717,211.091802483923,626.9738175699763,219.31522436582975,617.2552280731774,163.99402261482095,585.1091243529966,146.0520112361154,552.2154368253697,134.8382541244244,369.0574040010837,55.59437053514144,334.6685488585647,62.32262480215603,295.0466070639232,51.10886769046506,356.34847927450056,249.96616047111837,384.009080150005,240.2475709743195,416.90276767763186,226.04347863284426,230.7543996235616,297.06394034022037,253.92949765438965,287.34535084342156,283.0852661447862,276.13159373173056,630.7117366072066,362.10373158802815,604.5463033465943,360.60856397313603,577.6332862785359,361.3561477805821,418.397935292524,344.16172020932254,379.52357730532856,353.13272589867535,345.88230597025563,362.85131539547416,342.14438693302526,407.7063438422381,294.2990232564771,410.69667907202233,255.42466526928172,409.2015114571302,215.05513966719417,394.24983530820884,157.49118649384718,381.5409105816257,136.55883988535737,375.5602401220572,368.3098201936376,297.8115241476665,329.43546220644225,282.1122641912992,289.0659366043547,262.6750851977014,381.76632872766675,393.50225150076284,389.2421668021274,415.9297657241448,394.47525345424987,445.0855342145413,,,,,,,,,,,,,,,,,,,,,,,,,,,,,,,,,,,,,,,,,,,,,,,,,,,,,,,,,,,,,,,,,,,,,,,,,,,,,,,,,,,,,,,,,,,,,,,,,,,,,,,,,,,,,,,,,,
labeled-data,Fish11,img029.png,739.111388686886,232.02414909241287,691.2660250103379,227.53864624773644,645.6634127561279,230.52898147752074,649.4013317933582,190.1594558754332,612.0221414210549,174.46019591906582,578.380870085982,170.7222768818355,431.1068600191071,106.43006944147389,395.97042106914205,91.47839329255258,348.1250573925939,80.26463618086159,277.8521794926637,309.0252812593574,292.803855641585,285.10259942108337,310.7458670202906,264.1702528125936,167.20977599064605,334.44313071252367,188.88970640658192,318.7438707561563,213.5599720523021,305.2873622221271,670.333678401848,365.0940668178124,647.906164178466,375.56024012205734,632.9544880295448,386.77399723374833,453.53437424248904,348.6472230539989,426.62135717443067,356.1230611284596,395.22283726169593,372.56990489227303,428.1165247893228,429.386274258174,384.00908015000493,416.67734953159083,340.64921931813313,419.6676847613751,284.5804337596783,409.2015114571302,241.96815673525262,401.7256733826696,207.57930159273363,394.997419115655,418.39793529252404,336.6858821348619,379.52357730532856,312.76320029658785,342.8919707404714,290.33568607320586,333.17338124367257,391.25950007842465,327.9402945915501,397.98775434543927,323.45479174687375,415.9297657241448,,,,,,,58.06254010352056,422.65801999115945,25.916436383339757,404.71600861245383,,,,,,,,,,,,,,,,,,,,,,,,,,,,,,,,,,,,,,,,,,,,,,,,,,,,,,,,,,,,,,,,,,,,,,,,,,,,,,,,,,,,,,,,,,,,,,,,,,,,,,,,
labeled-data,Fish11,img031.png,742.1017239166703,235.01448432219706,690.5184412028917,229.0338138626285,646.4109965635739,229.0338138626285,644.1682451412357,190.15945587543314,609.0318061912707,178.19811495629608,579.1284538934281,172.21744449672758,440.07786570845985,119.13899416805693,398.9607562989263,103.43973421168955,366.06706877129943,91.4783932925525,267.38600618841883,317.9962869487103,277.8521794926637,300.05427557000473,290.5611042192469,276.1315937317306,138.05400750024953,347.15205543910685,162.72427314596968,331.4527954827395,194.8703768661505,315.00595171892604,677.8095164763087,370.32715346993484,662.8578403273874,378.5505753518416,642.6730775263436,390.5119162709786,455.7771256648273,347.8996392465529,430.35927621166104,360.60856397313603,400.4559239138184,374.8126563146112,445.3109523605823,433.8717771028504,401.95109152871055,430.1338580656201,350.3678088149321,424.90077141349764,303.27002894582995,403.2208409975617,264.3956709586346,401.7256733826696,227.0164805863313,402.47325719011565,424.37860575209254,354.62789351356747,389.2421668021275,322.48178979338667,355.60089546705456,292.57843749554405,,,,,,,,,,,,,81.98522194179463,424.1531876060516,37.130193495030724,405.4635924198999,13.955095464202714,397.98775434543927,,,,,,,,,,,,,,,,,,,,,,,,,,,,,,,,,,,,,,,,,,,,,,,,,,,,,,,,,,,,,,,,,,,,,,,,,,,,,,,,,,,,,,,,,,,,,,,,,,,,,,
labeled-data,Fish11,img047.png,754.8106486432533,243.9854900115498,703.2273659294749,242.4903223966577,660.6150889050491,249.96616047111837,676.3143488614165,210.34421867647688,632.2069042220987,205.11113202435445,588.0994595827808,208.1014672541387,476.70947227331715,184.17878541586458,442.32061713079804,160.25610357759052,419.1455190999701,145.30442742866921,289.06593660435476,378.5505753518416,272.61909284054127,362.8513153954742,259.16258430651214,346.4044716316608,44.60603156949138,397.2401705379932,72.26663244499579,371.82232108482697,111.88857423963725,341.1713849795383,709.9556201964895,349.39480686144503,692.0136088177838,361.3561477805821,673.3240136316323,374.8126563146112,479.6998075031014,359.8609801656899,443.81578474569017,356.87064493590566,416.15518387018585,357.6182287433517,489.4183969999002,429.386274258174,452.78679043504303,436.86211233263464,417.650351485078,442.84278279220314,372.795323038314,376.3078239295034,332.4257974362265,386.7739972337483,295.04660706392326,400.23050576777746,447.5537037829206,421.1628523762673,431.85444382655317,389.01674865608646,398.21317249148024,338.18104974975404,,,,,,,,,,,,,155.24843507150905,443.5903665996492,123.84991515877431,426.39593902838976,90.20864382370135,406.21117622734596,,,,,,,,,,,,,,,,,,,,,,,,,,,,,,,,,,,,,,,,,,,,,,,,,,,,,,,,,,,,,,,,,,,,,,,,,,,,,,,,,,,,,,,,,,,,,,,,,,,,,,
