scorer,,,Michael,Michael,Michael,Michael,Michael,Michael,Michael,Michael,Michael,Michael,Michael,Michael,Michael,Michael,Michael,Michael,Michael,Michael,Michael,Michael,Michael,Michael,Michael,Michael,Michael,Michael,Michael,Michael,Michael,Michael,Michael,Michael,Michael,Michael,Michael,Michael,Michael,Michael,Michael,Michael,Michael,Michael,Michael,Michael,Michael,Michael,Michael,Michael,Michael,Michael,Michael,Michael,Michael,Michael,Michael,Michael,Michael,Michael,Michael,Michael,Michael,Michael,Michael,Michael,Michael,Michael,Michael,Michael,Michael,Michael,Michael,Michael,Michael,Michael,Michael,Michael,Michael,Michael,Michael,Michael,Michael,Michael,Michael,Michael,Michael,Michael,Michael,Michael,Michael,Michael,Michael,Michael,Michael,Michael,Michael,Michael,Michael,Michael,Michael,Michael,Michael,Michael,Michael,Michael,Michael,Michael,Michael,Michael,Michael,Michael,Michael,Michael,Michael,Michael,Michael,Michael,Michael,Michael,Michael,Michael,Michael,Michael,Michael,Michael,Michael,Michael,Michael,Michael,Michael,Michael,Michael,Michael,Michael,Michael,Michael,Michael,Michael,Michael,Michael,Michael,Michael,Michael,Michael,Michael,Michael,Michael,Michael,Michael,Michael,Michael,Michael,Michael,Michael,Michael,Michael,Michael,Michael,Michael,Michael,Michael,Michael,Michael,Michael,Michael,Michael,Michael,Michael,Michael,Michael,Michael,Michael,Michael,Michael,Michael,Michael,Michael,Michael,Michael,Michael,Michael
individuals,,,fish1,fish1,fish1,fish1,fish1,fish1,fish2,fish2,fish2,fish2,fish2,fish2,fish3,fish3,fish3,fish3,fish3,fish3,fish4,fish4,fish4,fish4,fish4,fish4,fish5,fish5,fish5,fish5,fish5,fish5,fish6,fish6,fish6,fish6,fish6,fish6,fish7,fish7,fish7,fish7,fish7,fish7,fish8,fish8,fish8,fish8,fish8,fish8,fish9,fish9,fish9,fish9,fish9,fish9,fish10,fish10,fish10,fish10,fish10,fish10,fish11,fish11,fish11,fish11,fish11,fish11,fish12,fish12,fish12,fish12,fish12,fish12,fish13,fish13,fish13,fish13,fish13,fish13,fish14,fish14,fish14,fish14,fish14,fish14,fish15,fish15,fish15,fish15,fish15,fish15,fish16,fish16,fish16,fish16,fish16,fish16,fish17,fish17,fish17,fish17,fish17,fish17,fish18,fish18,fish18,fish18,fish18,fish18,fish19,fish19,fish19,fish19,fish19,fish19,fish20,fish20,fish20,fish20,fish20,fish20,fish21,fish21,fish21,fish21,fish21,fish21,fish22,fish22,fish22,fish22,fish22,fish22,fish23,fish23,fish23,fish23,fish23,fish23,fish24,fish24,fish24,fish24,fish24,fish24,fish25,fish25,fish25,fish25,fish25,fish25,fish26,fish26,fish26,fish26,fish26,fish26,fish27,fish27,fish27,fish27,fish27,fish27,fish28,fish28,fish28,fish28,fish28,fish28,fish29,fish29,fish29,fish29,fish29,fish29,fish30,fish30,fish30,fish30,fish30,fish30
bodyparts,,,head,head,torso,torso,tail,tail,head,head,torso,torso,tail,tail,head,head,torso,torso,tail,tail,head,head,torso,torso,tail,tail,head,head,torso,torso,tail,tail,head,head,torso,torso,tail,tail,head,head,torso,torso,tail,tail,head,head,torso,torso,tail,tail,head,head,torso,torso,tail,tail,head,head,torso,torso,tail,tail,head,head,torso,torso,tail,tail,head,head,torso,torso,tail,tail,head,head,torso,torso,tail,tail,head,head,torso,torso,tail,tail,head,head,torso,torso,tail,tail,head,head,torso,torso,tail,tail,head,head,torso,torso,tail,tail,head,head,torso,torso,tail,tail,head,head,torso,torso,tail,tail,head,head,torso,torso,tail,tail,head,head,torso,torso,tail,tail,head,head,torso,torso,tail,tail,head,head,torso,torso,tail,tail,head,head,torso,torso,tail,tail,head,head,torso,torso,tail,tail,head,head,torso,torso,tail,tail,head,head,torso,torso,tail,tail,head,head,torso,torso,tail,tail,head,head,torso,torso,tail,tail,head,head,torso,torso,tail,tail
coords,,,x,y,x,y,x,y,x,y,x,y,x,y,x,y,x,y,x,y,x,y,x,y,x,y,x,y,x,y,x,y,x,y,x,y,x,y,x,y,x,y,x,y,x,y,x,y,x,y,x,y,x,y,x,y,x,y,x,y,x,y,x,y,x,y,x,y,x,y,x,y,x,y,x,y,x,y,x,y,x,y,x,y,x,y,x,y,x,y,x,y,x,y,x,y,x,y,x,y,x,y,x,y,x,y,x,y,x,y,x,y,x,y,x,y,x,y,x,y,x,y,x,y,x,y,x,y,x,y,x,y,x,y,x,y,x,y,x,y,x,y,x,y,x,y,x,y,x,y,x,y,x,y,x,y,x,y,x,y,x,y,x,y,x,y,x,y,x,y,x,y,x,y,x,y,x,y,x,y,x,y
labeled-data,Fish6,img02.png,721.2670887845749,260.6262272630413,572.7020567300926,251.08535364486352,421.41106078470256,246.99640780850166,335.5431982211027,241.5444800266858,324.63934265747105,244.2704439175937,311.0095232029314,244.2704439175937,319.1874148756552,323.3233967539237,311.0095232029314,330.1383064811935,302.8316315302076,332.86427037210143,346.44705378473446,403.73933153570766,357.3509093483662,402.3763495902537,369.6177468574519,405.1023134811616,,,,,,,,,,,,,,,,,,,,,,,,,,,,,,,,,,,,,,,,,,,,,,,,,,,,,,,,,,,,,,,,,,,,,,,,,,,,,,,,,,,,,,,,,,,,,,,,,,,,,,,,,,,,,,,,,,,,,,,,,,,,,,,,,,,,,,,,,,,,,,,,,,,,,,,,,,,,
labeled-data,Fish6,img04.png,755.3416374209239,278.34499255394286,612.2285331482576,249.72237169940956,462.3005191483215,245.63342586304765,334.1802162756488,242.90746197213974,321.9133787665631,245.63342586304765,313.7354870938393,246.99640780850166,324.63934265747105,328.7753245357395,317.8244329302012,323.3233967539237,306.9205773665695,326.0493606448316,342.3581079483726,409.1912593175235,351.89898156655033,402.3763495902537,361.43985518472806,394.1984579175299,,,,,,,,,,,,,,,,,,,,,,,,,,,,,,,,,,,,,,,,,,,,,,,,,,,,,,,,,,,,,,,,,,,,,,,,,,,,,,,,,,,,,,,,,,,,,,,,,,,,,,,,,,,,,,,,,,,,,,,,,,,,,,,,,,,,,,,,,,,,,,,,,,,,,,,,,,,,
labeled-data,Fish6,img05.png,779.8753124390953,272.893064772127,638.125190111883,252.44833559031747,481.382266384677,245.63342586304765,334.1802162756488,242.90746197213974,317.8244329302012,245.63342586304765,328.7282884938329,328.7753245357395,316.4614509847473,323.3233967539237,305.55759542111554,323.3233967539237,342.3581079483726,395.56143986298383,350.5359996210964,403.73933153570766,366.89178296654393,407.8282773720695,,,,,,,,,,,,,,,,,,,,,,,,,,,,,,,,,,,,,,,,,,,,,,,,,,,,,,,,,,,,,,,,,,,,,,,,,,,,,,,,,,,,,,,,,,,,,,,,,,,,,,,,,,,,,,,,,,,,,,,,,,,,,,,,,,,,,,,,,,,,,,,,,,,,,,,,,,,,,,
labeled-data,Fish6,img07.png,792.142149948181,275.6190286630349,647.6660637300607,261.98920920849525,467.75244693013735,246.99640780850166,336.90618016655674,242.90746197213974,331.45425238474087,241.5444800266858,324.63934265747105,245.63342586304765,331.45425238474087,330.1383064811935,321.9133787665631,324.68637869937766,311.0095232029314,327.41234259028556,345.0840718392805,399.6503856993457,350.5359996210964,405.1023134811616,362.80283713018207,407.8282773720695,,,,,,,,,,,,,,,,,,,,,,,,,,,,,,,,,,,,,,,,,,,,,,,,,,,,,,,,,,,,,,,,,,,,,,,,,,,,,,,,,,,,,,,,,,,,,,,,,,,,,,,,,,,,,,,,,,,,,,,,,,,,,,,,,,,,,,,,,,,,,,,,,,,,,,,,,,,,
labeled-data,Fish6,img11.png,837.1205541481619,267.4411369903111,658.5699192936925,256.5372814266794,501.8269955664865,242.90746197213974,340.9951260029186,241.5444800266858,331.45425238474087,238.81851613577783,321.9133787665631,246.99640780850166,332.8172343301948,328.7753245357395,324.63934265747105,319.2344509175618,315.09846903929326,323.3233967539237,334.1802162756488,399.6503856993457,347.8100357301884,409.1912593175235,355.98792740291225,409.1912593175235,,,,,,,,,,,,,,,,,,,,,,,,,,,,,,,,,,,,,,,,,,,,,,,,,,,,,,,,,,,,,,,,,,,,,,,,,,,,,,,,,,,,,,,,,,,,,,,,,,,,,,,,,,,,,,,,,,,,,,,,,,,,,,,,,,,,,,,,,,,,,,,,,,,,,,,,,,,,
labeled-data,Fish6,img23.png,,,811.2238971845366,242.90746197213974,629.9472984391592,238.81851613577783,353.2619635120043,233.36658835396196,342.35810794837255,238.81851613577783,332.8172343301948,244.27044391759372,347.8100357301885,354.6719814993648,332.81723433019476,338.3161981539173,317.8244329302012,334.2272523175554,306.9205773665695,410.5542412629774,327.36530654837895,413.28020515388545,346.4470537847345,421.45809682660916,,,,,,,,,,,,,,,,,,,,,,,,,,,,,,,,,,,,,,,,,,,,,,,,,,,,,,,,,,,,,,,,,,,,,,,,,,,,,,,,,,,,,,,,,,,,,,,,,,,,,,,,,,,,,,,,,,,,,,,,,,,,,,,,,,,,,,,,,,,,,,,,,,,,,,,,,,,,
labeled-data,Fish6,img28.png,,,847.5110464701772,245.48065762644174,706.965290670317,226.79106244029012,357.84365259300455,236.50965193708905,349.6202307110978,239.4999871668733,333.92097075473043,244.7330738189958,357.8436525930045,354.6278935135673,337.65888979196075,347.1520554391067,316.7265431834709,341.1713849795382,298.03694799731926,412.19184668691435,309.9982889164563,416.6773495315907,333.1733869472843,421.1628523762671,,,,,,,,,,,,,,,,,,,,,,,,,,,,,,,,,,,,,,,,,,,,,,,,,,,,,,,,,,,,,,,,,,,,,,,,,,,,,,,,,,,,,,,,,,,,,,,,,,,,,,,,,,,,,,,,,,,,,,,,,,,,,,,,,,,,,,,,,,,,,,,,,,,,,,,,,,,,
labeled-data,Fish6,img30.png,,,848.2586302776233,236.509651937089,752.5679029245271,231.2765652849665,358.5912364004506,235.76206812964298,350.36781451854387,237.2572357445351,340.64922502174505,240.99515478176548,355.6009011706663,360.6085639731358,341.39680882919106,346.4044716316606,319.71687841325513,344.9093040167685,290.56110992285863,414.43459810925253,305.5127860717799,418.9201009539289,327.9403002951619,426.39593902838953,,,,,,,,,,,,,,,,,,,,,,,,,,,,,,,,,,,,,,,,,,,,,,,,,,,,,,,,,,,,,,,,,,,,,,,,,,,,,,,,,,,,,,,,,,,,,,,,,,,,,,,,,,,,,,,,,,,,,,,,,,,,,,,,,,,,,,,,,,,,,,,,,,,,,,,,,,,,
labeled-data,Fish6,img33.png,,,,,808.636688482982,238.00481955198111,363.076739245127,235.01448432219692,354.10573355577424,238.00481955198117,339.901641214299,243.23790620410367,363.07673924512693,359.1133963582437,345.1347278664214,347.1520554391067,326.44513268026975,347.1520554391067,283.832855655844,408.4539276496839,300.27969941965745,420.41526856882103,323.4547974504855,429.3862742581738,,,,,,,,,,,,,,,,,,,,,,,,,,,,,,,,,,,,,,,,,,,,,,,,,,,,,,,,,,,,,,,,,,,,,,,,,,,,,,,,,,,,,,,,,,,,,,,,,,,,,,,,,,,,,,,,,,,,,,,,,,,,,,,,,,,,,,,,,,,,,,,,,,,,,,,,,,,,
labeled-data,Fish6,img42.png,,,,,,,367.56224208980336,236.50965193708905,360.8339878227888,239.4999871668733,351.862982133436,243.98549001154967,389.24217250573923,364.3464830103661,364.57190686001906,352.3851420912291,344.3871440589753,356.12306112845954,259.91017381756996,412.9394304943604,276.3570175813834,425.6483552209435,298.03694799731926,436.11452852518835,,,,,,,,,,,,,,,,,,,,,,,,,,,,,,,,,,,,,,,,,,,,,,,,,,,,,,,,,,,,,,,,,,,,,,,,,,,,,,,,,,,,,,,,,,,,,,,,,,,,,,,,,,,,,,,,,,,,,,,,,,,,,,,,,,,,,,,,,,,,,,,,,,,,,,,,,,,,
labeled-data,Fish6,img46.png,,,,,,,368.3098258972494,233.51931670730474,360.8339878227888,238.75240335942723,352.61056594088205,241.74273858921148,411.66968672912117,356.1230611284594,378.7759992014943,353.1327258986752,351.86298213343593,357.61822874335155,253.18191955055534,409.2015114571301,266.6384280845845,423.4056037986053,288.3183585005204,436.8621123326344,,,,,,,,,,,,,,,,,,,,,,,,,,,,,,,,,,,,,,,,,,,,,,,,,,,,,,,,,,,,,,,,,,,,,,,,,,,,,,,,,,,,,,,,,,,,,,,,,,,,,,,,,,,,,,,,,,,,,,,,,,,,,,,,,,,,,,,,,,,,,,,,,,,,,,,,,,,,
labeled-data,Fish6,img56.png,,,,,,,372.79532874192586,233.51931670730474,368.3098258972494,238.00481955198117,364.5719068600191,240.99515478176542,546.982355876859,368.08440204759654,457.27229898333127,359.1133963582437,381.0187506238325,356.1230611284594,237.48265959418796,406.9587600347918,241.9681624388644,418.9201009539289,253.18191955055534,431.629025680512,,,,,,,,,,,,,,,,,,,,,,,,,,,,,,,,,,,,,,,,,,,,,,,,,,,,,,,,,,,,,,,,,,,,,,,,,,,,,,,,,,,,,,,,,,,,,,,,,,,,,,,,,,,,,,,,,,,,,,,,,,,,,,,,,,,,,,,,,,,,,,,,,,,,,,,,,,,,
labeled-data,Fish6,img63.png,,,,,,,376.53324777915617,230.5289814775205,372.0477449344798,232.77173289985868,367.56224208980336,239.4999871668733,718.179047782008,378.5505753518413,578.3808757895938,362.1037315880279,432.602033337611,353.88030970612124,227.0164862899431,403.96842480500766,232.24957294206553,414.43459810925253,241.22057863141828,433.1241932954041,,,,,,,,,,,,,,,,,,,,,,,,,,,,,,,,,,,,,,,,,,,,,,,,,,,,,,,,,,,,,,,,,,,,,,,,,,,,,,,,,,,,,,,,,,,,,,,,,,,,,,,,,,,,,,,,,,,,,,,,,,,,,,,,,,,,,,,,,,,,,,,,,,,,,,,,,,,,
labeled-data,Fish6,img66.png,,,,,,,376.53324777915617,229.78139767007443,373.5429125493719,233.51931670730474,369.8049935121416,236.50965193708905,837.7924569733784,390.5119162709784,668.8385164905676,372.5699048922728,502.8749112375412,365.84165062525824,222.53098344526666,401.72567338266947,225.5213186750509,412.19184668691435,231.50198913461946,430.13385806561985,,,,,,,,,,,,,,,,,,,,,,,,,,,,,,,,,,,,,,,,,,,,,,,,,,,,,,,,,,,,,,,,,,,,,,,,,,,,,,,,,,,,,,,,,,,,,,,,,,,,,,,,,,,,,,,,,,,,,,,,,,,,,,,,,,,,,,,,,,,,,,,,,,,,,,,,,,,,
labeled-data,Fish6,img71.png,,,,,,,378.0284153940483,229.78139767007443,369.8049935121416,238.00481955198117,366.8146582823573,238.75240335942723,,,809.384272290428,380.7933267741795,629.9641585033723,380.0457429667334,216.55031298569816,403.2208409975616,220.28823202292847,413.68701430180647,226.26890248249703,430.8814418730659,,,,,,,,,,,,,,,,,,,,,,,,,,,,,,,,,,,,,,,,,,,,,,,,,,,,,,,,,,,,,,,,,,,,,,,,,,,,,,,,,,,,,,,,,,,,,,,,,,,,,,,,,,,,,,,,,,,,,,,,,,,,,,,,,,,,,,,,,,,,,,,,,,,,,,,,,,,,
