scorer,,,Michael,Michael,Michael,Michael,Michael,Michael,Michael,Michael,Michael,Michael,Michael,Michael,Michael,Michael,Michael,Michael,Michael,Michael,Michael,Michael,Michael,Michael,Michael,Michael,Michael,Michael,Michael,Michael,Michael,Michael,Michael,Michael,Michael,Michael,Michael,Michael,Michael,Michael,Michael,Michael,Michael,Michael,Michael,Michael,Michael,Michael,Michael,Michael,Michael,Michael,Michael,Michael,Michael,Michael,Michael,Michael,Michael,Michael,Michael,Michael,Michael,Michael,Michael,Michael,Michael,Michael,Michael,Michael,Michael,Michael,Michael,Michael,Michael,Michael,Michael,Michael,Michael,Michael,Michael,Michael,Michael,Michael,Michael,Michael,Michael,Michael,Michael,Michael,Michael,Michael,Michael,Michael,Michael,Michael,Michael,Michael,Michael,Michael,Michael,Michael,Michael,Michael,Michael,Michael,Michael,Michael,Michael,Michael,Michael,Michael,Michael,Michael,Michael,Michael,Michael,Michael,Michael,Michael,Michael,Michael,Michael,Michael,Michael,Michael,Michael,Michael,Michael,Michael,Michael,Michael,Michael,Michael,Michael,Michael,Michael,Michael,Michael,Michael,Michael,Michael,Michael,Michael,Michael,Michael,Michael,Michael,Michael,Michael,Michael,Michael,Michael,Michael,Michael,Michael,Michael,Michael,Michael,Michael,Michael,Michael,Michael,Michael,Michael,Michael,Michael,Michael,Michael,Michael,Michael,Michael,Michael,Michael,Michael,Michael,Michael,Michael,Michael,Michael,Michael,Michael
individuals,,,fish1,fish1,fish1,fish1,fish1,fish1,fish2,fish2,fish2,fish2,fish2,fish2,fish3,fish3,fish3,fish3,fish3,fish3,fish4,fish4,fish4,fish4,fish4,fish4,fish5,fish5,fish5,fish5,fish5,fish5,fish6,fish6,fish6,fish6,fish6,fish6,fish7,fish7,fish7,fish7,fish7,fish7,fish8,fish8,fish8,fish8,fish8,fish8,fish9,fish9,fish9,fish9,fish9,fish9,fish10,fish10,fish10,fish10,fish10,fish10,fish11,fish11,fish11,fish11,fish11,fish11,fish12,fish12,fish12,fish12,fish12,fish12,fish13,fish13,fish13,fish13,fish13,fish13,fish14,fish14,fish14,fish14,fish14,fish14,fish15,fish15,fish15,fish15,fish15,fish15,fish16,fish16,fish16,fish16,fish16,fish16,fish17,fish17,fish17,fish17,fish17,fish17,fish18,fish18,fish18,fish18,fish18,fish18,fish19,fish19,fish19,fish19,fish19,fish19,fish20,fish20,fish20,fish20,fish20,fish20,fish21,fish21,fish21,fish21,fish21,fish21,fish22,fish22,fish22,fish22,fish22,fish22,fish23,fish23,fish23,fish23,fish23,fish23,fish24,fish24,fish24,fish24,fish24,fish24,fish25,fish25,fish25,fish25,fish25,fish25,fish26,fish26,fish26,fish26,fish26,fish26,fish27,fish27,fish27,fish27,fish27,fish27,fish28,fish28,fish28,fish28,fish28,fish28,fish29,fish29,fish29,fish29,fish29,fish29,fish30,fish30,fish30,fish30,fish30,fish30
bodyparts,,,head,head,torso,torso,tail,tail,head,head,torso,torso,tail,tail,head,head,torso,torso,tail,tail,head,head,torso,torso,tail,tail,head,head,torso,torso,tail,tail,head,head,torso,torso,tail,tail,head,head,torso,torso,tail,tail,head,head,torso,torso,tail,tail,head,head,torso,torso,tail,tail,head,head,torso,torso,tail,tail,head,head,torso,torso,tail,tail,head,head,torso,torso,tail,tail,head,head,torso,torso,tail,tail,head,head,torso,torso,tail,tail,head,head,torso,torso,tail,tail,head,head,torso,torso,tail,tail,head,head,torso,torso,tail,tail,head,head,torso,torso,tail,tail,head,head,torso,torso,tail,tail,head,head,torso,torso,tail,tail,head,head,torso,torso,tail,tail,head,head,torso,torso,tail,tail,head,head,torso,torso,tail,tail,head,head,torso,torso,tail,tail,head,head,torso,torso,tail,tail,head,head,torso,torso,tail,tail,head,head,torso,torso,tail,tail,head,head,torso,torso,tail,tail,head,head,torso,torso,tail,tail,head,head,torso,torso,tail,tail
coords,,,x,y,x,y,x,y,x,y,x,y,x,y,x,y,x,y,x,y,x,y,x,y,x,y,x,y,x,y,x,y,x,y,x,y,x,y,x,y,x,y,x,y,x,y,x,y,x,y,x,y,x,y,x,y,x,y,x,y,x,y,x,y,x,y,x,y,x,y,x,y,x,y,x,y,x,y,x,y,x,y,x,y,x,y,x,y,x,y,x,y,x,y,x,y,x,y,x,y,x,y,x,y,x,y,x,y,x,y,x,y,x,y,x,y,x,y,x,y,x,y,x,y,x,y,x,y,x,y,x,y,x,y,x,y,x,y,x,y,x,y,x,y,x,y,x,y,x,y,x,y,x,y,x,y,x,y,x,y,x,y,x,y,x,y,x,y,x,y,x,y,x,y,x,y,x,y,x,y,x,y
labeled-data,Fish9,img026.png,157.49118649384724,146.79959504356125,154.500851264063,158.7609359626983,152.2580998417248,170.72227688183537,,,,,,,,,,,,,,,,,,,,,,,,,,,,,,,,,,,,,,,,,,,,,,,,,,,,,,,,,,,,,,,,,,,,,,,,,,,,,,,,,,,,,,,,,,,,,,,,,,,,,,,,,,,,,,,,,,,,,,,,,,,,,,,,,,,,,,,,,,,,,,,,,,,,,,,,,,,,,,,,,,,,,,,,,,,,,,
labeled-data,Fish9,img031.png,163.47185695341574,146.79959504356125,161.22910553107755,155.77060073291406,155.24843507150905,170.72227688183537,,,,,,,,,,,,,,,,,,,,,,,,,,,,,,,,,,,,,,,,,,,,,,,,,,,,,,,,,,,,,,,,,,,,,,,,,,,,,,,,,,,,,,,,,,,,,,,,,,,,,,,,,,,,,,,,,,,,,,,,,,,,,,,,,,,,,,,,,,,,,,,,,,,,,,,,,,,,,,,,,,,,,,,,,,,,,,
labeled-data,Fish9,img039.png,174.68561406510673,145.30442742866913,171.69527883532248,152.7802655031298,168.70494360553823,163.2464388073747,,,,,,,,,,,,,,,,,,,,,,,,,,,,,,,,,,,,,,,,,,,,,,,,,,,,,,,,,,,,,,,,,,,,,,,,,,,,,,,,,,,,,,,,,,,,,,,,,,,,,,,,,,,,,,,,,,,,,,,,,,,,,,,,,,,,,,,,,,,,,,,,,,,,,,,,,,,,,,,,,,,,,,,,,,,,,,
labeled-data,Fish9,img043.png,178.42353310233705,141.56650839143882,178.42353310233705,153.52784931057587,173.1904464502146,166.984357844605,,,,,,,,,,,,,,,,,,,,,,,,,,,,,,,,,,,,,,,,,,,,,,,,,,,,,,,,,,,,,,,,,,,,,,,,,,,,,,,,,,,,,,,,,,,,,,,,,,,,,,,,,,,,,,,,,,,,,,,,,,,,,,,,,,,,,,,,,,,,,,,,,,,,,,,,,,,,,,,,,,,,,,,,,,,,,,
labeled-data,Fish9,img051.png,191.88004163636623,142.31409219888488,190.3848740214741,149.7899302733455,188.14212259913592,158.7609359626983,,,,,,,,,,,,,,,,,,,,,,,,,,,,,,,,,,,,,,,,,,,,,,,,,,,,,,,,,,,,,,,,,,,,,,,,,,,,,,,,,,,,,,,,,,,,,,,,,,,,,,,,,,,,,,,,,,,,,,,,,,,,,,,,,,,,,,,,,,,,,,,,,,,,,,,,,,,,,,,,,,,,,,,,,,,,,,
labeled-data,Fish9,img055.png,195.6179606735966,136.33342173931635,193.37520925125835,149.7899302733455,191.88004163636623,164.7416064222668,,,,,,,,,,,,,,,,,,,,,,,,,,,,,,,,,,,,,,,,,,,,,,,,,,,,,,,,,,,,,,,,,,,,,,,,,,,,,,,,,,,,,,,,,,,,,,,,,,,,,,,,,,,,,,,,,,,,,,,,,,,,,,,,,,,,,,,,,,,,,,,,,,,,,,,,,,,,,,,,,,,,,,,,,,,,,,
labeled-data,Fish9,img060.png,200.85104732571904,134.09067031697816,198.60829590338085,146.79959504356125,198.60829590338085,161.0036873850365,397.4655886840342,224.548311017952,401.2035077212645,224.548311017952,407.18417818083304,222.3055595956138,363.0767335415152,221.55797578816774,362.3291497340691,223.80072721050593,362.3291497340691,229.78139767007443,343.6395545479175,223.05314340305992,347.3774735851478,230.5289814775205,348.1250573925939,233.51931670730474,,,,,,,333.9209650511186,233.5193167073048,341.3968031255793,226.79106244029023,346.62988977770175,224.548311017952,227.7640643937774,255.9468309306868,233.7447348533459,252.95649570090254,241.96815673525265,251.4613280860104,240.47298912036047,306.0349460295731,245.70607577248296,306.0349460295731,254.6770814618357,306.0349460295731,,,,,,,,,,,,,,,,,,,,,,,,,,,,,,,,,,,,,,,,,,,,,,,,,,,,,,,,,,,,,,,,,,,,,,,,,,,,,,,,,,,,,,,,,,,,,,,,,,,,,,,,,,,,,,,,,,,,,,,,,,,,,,,,,,,,
labeled-data,Fish9,img063.png,206.83171778528754,131.84791889463997,204.58896636294935,144.55684362122307,203.09379874805722,159.50851977014437,387.74699918723536,214.82972152115312,388.4945829946814,217.82005675093737,394.4752534542499,223.05314340305986,366.06706877129943,211.0918024839228,366.06706877129943,215.57730532859918,365.31948496385337,221.55797578816774,349.620225007486,216.32488913604524,353.3581440447163,220.81039198072168,355.60089546705456,227.53864624773624,383.2614963425589,245.4806576264418,376.53324207554436,244.73307381899573,374.2904906532062,240.24757097431936,336.9113002809029,236.5096519370891,339.9016355106872,232.77173289985873,347.3774735851478,231.27656528496655,232.99715104589984,261.17991758280925,237.48265389057622,257.44199854557894,244.9584919650369,255.19924712324072,244.9584919650369,308.2776974519113,251.68674623205146,306.7825298370192,262.1529195362964,306.7825298370192,467.73846658396434,19.710347777730135,470.7288018137486,9.991758280931293,,,,,,,,,,,,,,,,,,,,,,,,,,,,,,,,,,,,,,,,,,,,,,,,,,,,,,,,,,,,,,,,,,,,,,,,,,,,,,,,,,,,,,,,,,,,,,,,,,,,,,,,,,,,,,,,,,,,,,,,,,,,,,,,
labeled-data,Fish9,img069.png,214.30755585974822,133.3430865095321,211.31722062996397,144.55684362122307,209.07446920762573,152.7802655031298,371.3001554234219,202.12079679457005,375.03807446065224,205.1111320243543,380.2711611127747,208.10146725413856,359.33881450428487,200.62562917967787,363.82431734896124,204.36354821690824,366.8146525787455,208.84905106158462,354.10572785216243,207.3538834466925,360.833982119177,215.57730532859918,389.98975060957355,241.74273858921148,385.5042477648971,240.99515478176542,378.0284096904365,240.99515478176542,339.9016355106872,240.99515478176548,344.38713835536356,238.00481955198123,351.1153926223781,233.51931670730474,238.97782150546834,264.1702528125935,245.70607577248296,258.189582353025,253.92949765438965,256.6944147381329,252.43433003949752,316.501119333818,258.4150004990661,314.2583679114798,269.628757610757,314.2583679114798,,,475.21430465842496,24.19585062240654,478.2046398882092,18.21518016283801,481.9425589254395,12.234509703269495,,,,,,,,,,,,,,,,,,,,,,,,,,,,,,,,,,,,,,,,,,,,,,,,,,,,,,,,,,,,,,,,,,,,,,,,,,,,,,,,,,,,,,,,,,,,,,,,,,,,,,,,,,,,,,,,,,,,,,,,,,,,,,
labeled-data,Fish9,img072.png,213.55997205230216,132.59550270208604,212.8123882448561,143.06167600633094,209.07446920762573,154.27543311802194,370.55257161597586,196.1401263350015,371.3001554234219,202.12079679457005,371.3001554234219,208.10146725413856,358.5912306968388,197.63529394989362,360.08639831173093,203.61596440946218,363.82431734896124,207.3538834466925,345.8823059702557,202.12079679457005,349.620225007486,203.61596440946218,355.60089546705456,210.34421867647674,386.25183157234324,241.74273858921148,377.2808258829904,234.2669005147508,372.047739230868,227.53864624773624,340.64921931813325,240.24757097431942,345.8823059702557,237.2572357445351,354.8533116596085,234.2669005147508,238.97782150546834,264.91783662003957,243.46332435014477,260.4323337753632,247.94882719482115,258.93716616047107,253.1819138469436,314.2583679114798,259.9101681139582,313.51078410403375,268.88117380331096,312.7632002965877,472.9715532360868,27.93376965963685,478.2046398882092,21.953099200068323,482.6901427328856,15.224844933053745,,,,,,,,,,,,,,,,,,,,,,,,,,,,,,,,,,,,,,,,,,,,,,,,,,,,,,,,,,,,,,,,,,,,,,,,,,,,,,,,,,,,,,,,,,,,,,,,,,,,,,,,,,,,,,,,,,,,,,,,,,,,,,
labeled-data,Fish9,img081.png,222.5309777416549,127.36241604996357,220.28822631931672,137.82858935420848,221.03581012676278,152.03268169568375,351.8629764298242,204.36354821690824,354.10572785216243,200.62562917967787,359.33881450428487,195.39254252755543,314.48378605752094,197.63529394989368,320.46445651708945,199.1304615647858,326.445126976658,199.1304615647858,318.22170509475126,212.586970098815,324.2023755543198,211.09180248392286,332.4257974362265,209.59663486903074,369.8049878085298,238.75240335942723,375.7856582680983,237.2572357445351,384.75666395745105,236.50965193708905,343.6395545479175,246.97582524133398,348.1250573925939,243.98549001154967,357.0960630819467,242.49032239665755,246.45365957992902,268.6557556572699,251.68674623205146,263.42266900514744,255.42466526928177,262.6750851977014,260.65775192140427,322.4817897933866,265.14325476608064,321.73420598594055,275.6094280703256,319.49145456360236,480.4473913105474,34.66202392665144,483.43772654033165,29.428937274528977,486.4280617701159,20.457931585176212,,,,,,,,,,,,,,,,,,,,,,,,,,,,,,,,,,,,,,,,,,,,,,,,,,,,,,,,,,,,,,,,,,,,,,,,,,,,,,,,,,,,,,,,,,,,,,,,,,,,,,,,,,,,,,,,,,,,,,,,,,,,,,
labeled-data,Fish9,img091.png,227.7640643937774,116.89624274571867,227.01648058633134,128.10999985740963,227.01648058633134,140.0713407765467,485.68047796266984,34.66202392665144,487.923229385008,29.428937274528977,489.41839699990027,21.953099200068323,282.33768233734014,213.33455390626105,288.31835279690864,209.59663486903074,292.8038556415851,208.1014672541386,293.55143944903114,233.5193167073048,301.7748613309378,230.52898147752055,307.7555317905064,224.54831101795205,372.047739230868,249.2185766636721,375.03807446065224,243.98549001154967,380.2711611127747,238.75240335942723,341.3968031255793,254.45166331579466,348.1250573925939,251.46132808601035,354.10572785216243,247.72340904877998,259.16258430651214,264.91783662003957,254.6770814618357,267.9081718498238,249.44399480971327,273.14125850194625,265.14325476608064,326.967292638063,274.11426045543345,323.2293736008327,283.83284995223227,322.4817897933866,,,,,,,,,,,,,,,,,,,,,,,,,,,,,,,,,,,,,,,,,,,,,,,,,,,,,,,,,,,,,,,,,,,,,,,,,,,,,,,,,,,,,,,,,,,,,,,,,,,,,,,,,,,,,,,,,,,,,,,,,,,,,,,,,,,,
labeled-data,Fish9,img107.png,240.47298912036047,103.43973421168948,238.97782150546834,116.89624274571867,240.47298912036047,132.59550270208604,399.70834010637236,232.77173289985868,396.7180048765881,229.78139767007443,392.9800858393578,226.79106244029018,264.3956709586346,249.21857666367217,268.88117380331096,244.7330738189958,277.1045956852177,239.49998716687335,271.12392522564915,267.9081718498238,275.6094280703256,263.42266900514744,281.5900985298941,258.189582353025,379.5235773053286,273.8888423093923,379.5235773053286,268.6557556572699,381.01874492022074,260.4323337753631,340.64921931813325,258.189582353025,347.3774735851478,255.94683093068673,355.60089546705456,255.19924712324067,259.16258430651214,280.6170965764069,265.14325476608064,273.14125850194625,267.38600618841883,266.4130042349317,276.35701187777164,332.2003792901854,283.0852661447862,329.95762786784724,294.2990232564772,329.95762786784724,,,,,,,,,,,,,,,,,,,,,,,,,,,,,,,,,,,,,,,,,,,,,,,,,,,,,,,,,,,,,,,,,,,,,,,,,,,,,,,,,,,,,,,,,,,,,,,,,,,,,,,,,,,,,,,,,,,,,,,,,,,,,,,,,,,,
