scorer,,,Michael,Michael,Michael,Michael,Michael,Michael,Michael,Michael,Michael,Michael,Michael,Michael,Michael,Michael,Michael,Michael,Michael,Michael,Michael,Michael,Michael,Michael,Michael,Michael,Michael,Michael,Michael,Michael,Michael,Michael,Michael,Michael,Michael,Michael,Michael,Michael,Michael,Michael,Michael,Michael,Michael,Michael,Michael,Michael,Michael,Michael,Michael,Michael,Michael,Michael,Michael,Michael,Michael,Michael,Michael,Michael,Michael,Michael,Michael,Michael,Michael,Michael,Michael,Michael,Michael,Michael,Michael,Michael,Michael,Michael,Michael,Michael,Michael,Michael,Michael,Michael,Michael,Michael,Michael,Michael,Michael,Michael,Michael,Michael,Michael,Michael,Michael,Michael,Michael,Michael,Michael,Michael,Michael,Michael,Michael,Michael,Michael,Michael,Michael,Michael,Michael,Michael,Michael,Michael,Michael,Michael,Michael,Michael,Michael,Michael,Michael,Michael,Michael,Michael,Michael,Michael,Michael,Michael,Michael,Michael,Michael,Michael,Michael,Michael,Michael,Michael,Michael,Michael,Michael,Michael,Michael,Michael,Michael,Michael,Michael,Michael,Michael,Michael,Michael,Michael,Michael,Michael,Michael,Michael,Michael,Michael,Michael,Michael,Michael,Michael,Michael,Michael,Michael,Michael,Michael,Michael,Michael,Michael,Michael,Michael,Michael,Michael,Michael,Michael,Michael,Michael,Michael,Michael,Michael,Michael,Michael,Michael,Michael,Michael,Michael,Michael,Michael,Michael,Michael,Michael
individuals,,,fish1,fish1,fish1,fish1,fish1,fish1,fish2,fish2,fish2,fish2,fish2,fish2,fish3,fish3,fish3,fish3,fish3,fish3,fish4,fish4,fish4,fish4,fish4,fish4,fish5,fish5,fish5,fish5,fish5,fish5,fish6,fish6,fish6,fish6,fish6,fish6,fish7,fish7,fish7,fish7,fish7,fish7,fish8,fish8,fish8,fish8,fish8,fish8,fish9,fish9,fish9,fish9,fish9,fish9,fish10,fish10,fish10,fish10,fish10,fish10,fish11,fish11,fish11,fish11,fish11,fish11,fish12,fish12,fish12,fish12,fish12,fish12,fish13,fish13,fish13,fish13,fish13,fish13,fish14,fish14,fish14,fish14,fish14,fish14,fish15,fish15,fish15,fish15,fish15,fish15,fish16,fish16,fish16,fish16,fish16,fish16,fish17,fish17,fish17,fish17,fish17,fish17,fish18,fish18,fish18,fish18,fish18,fish18,fish19,fish19,fish19,fish19,fish19,fish19,fish20,fish20,fish20,fish20,fish20,fish20,fish21,fish21,fish21,fish21,fish21,fish21,fish22,fish22,fish22,fish22,fish22,fish22,fish23,fish23,fish23,fish23,fish23,fish23,fish24,fish24,fish24,fish24,fish24,fish24,fish25,fish25,fish25,fish25,fish25,fish25,fish26,fish26,fish26,fish26,fish26,fish26,fish27,fish27,fish27,fish27,fish27,fish27,fish28,fish28,fish28,fish28,fish28,fish28,fish29,fish29,fish29,fish29,fish29,fish29,fish30,fish30,fish30,fish30,fish30,fish30
bodyparts,,,head,head,torso,torso,tail,tail,head,head,torso,torso,tail,tail,head,head,torso,torso,tail,tail,head,head,torso,torso,tail,tail,head,head,torso,torso,tail,tail,head,head,torso,torso,tail,tail,head,head,torso,torso,tail,tail,head,head,torso,torso,tail,tail,head,head,torso,torso,tail,tail,head,head,torso,torso,tail,tail,head,head,torso,torso,tail,tail,head,head,torso,torso,tail,tail,head,head,torso,torso,tail,tail,head,head,torso,torso,tail,tail,head,head,torso,torso,tail,tail,head,head,torso,torso,tail,tail,head,head,torso,torso,tail,tail,head,head,torso,torso,tail,tail,head,head,torso,torso,tail,tail,head,head,torso,torso,tail,tail,head,head,torso,torso,tail,tail,head,head,torso,torso,tail,tail,head,head,torso,torso,tail,tail,head,head,torso,torso,tail,tail,head,head,torso,torso,tail,tail,head,head,torso,torso,tail,tail,head,head,torso,torso,tail,tail,head,head,torso,torso,tail,tail,head,head,torso,torso,tail,tail,head,head,torso,torso,tail,tail
coords,,,x,y,x,y,x,y,x,y,x,y,x,y,x,y,x,y,x,y,x,y,x,y,x,y,x,y,x,y,x,y,x,y,x,y,x,y,x,y,x,y,x,y,x,y,x,y,x,y,x,y,x,y,x,y,x,y,x,y,x,y,x,y,x,y,x,y,x,y,x,y,x,y,x,y,x,y,x,y,x,y,x,y,x,y,x,y,x,y,x,y,x,y,x,y,x,y,x,y,x,y,x,y,x,y,x,y,x,y,x,y,x,y,x,y,x,y,x,y,x,y,x,y,x,y,x,y,x,y,x,y,x,y,x,y,x,y,x,y,x,y,x,y,x,y,x,y,x,y,x,y,x,y,x,y,x,y,x,y,x,y,x,y,x,y,x,y,x,y,x,y,x,y,x,y,x,y,x,y,x,y
labeled-data,Fish3,img04.png,339.901641214299,245.48065762644185,331.67821933239225,208.1014672541386,348.87264690365174,188.66428826054087,115.62649898047937,199.87804537223187,125.34508847727821,202.86838060201617,139.54918081875346,204.3635482169083,685.2853602543812,72.04121429895469,697.9942849809643,71.29363049150857,713.6935449373316,73.53638191384678,445.31095806419415,53.351619112803064,450.5440447163166,55.59437053514128,458.7674665982234,59.33228957237159,,,,,,,,,,,,,,,,,,,,,,,,,,,,,,,,,,,,,,,,,,,,,,,,,,,,,,,,,,,,,,,,,,,,,,,,,,,,,,,,,,,,,,,,,,,,,,,,,,,,,,,,,,,,,,,,,,,,,,,,,,,,,,,,,,,,,,,,,,,,,,,,,,,,,,,,,,,,
labeled-data,Fish3,img06.png,343.6395602515293,248.4709928562261,331.67821933239225,217.82005675093748,344.38714405897537,196.14012633500155,113.38374755814118,193.1497911052173,126.09267228472427,199.1304615647858,141.04434843364558,206.6062996392465,686.0329440618273,74.28396572129287,697.2467011735182,75.0315495287389,718.179047782008,78.02188475852316,445.31095806419415,54.09920292024913,449.79646090887053,54.84678672769519,457.27229898333115,57.089538150033405,,,,,,,,,,,,,,,,,,,,,,,,,,,,,,,,,,,,,,,,,,,,,,,,,,,,,,,,,,,,,,,,,,,,,,,,,,,,,,,,,,,,,,,,,,,,,,,,,,,,,,,,,,,,,,,,,,,,,,,,,,,,,,,,,,,,,,,,,,,,,,,,,,,,,,,,,,,,
labeled-data,Fish3,img24.png,432.60203333761103,286.5977670359754,372.0477449344798,261.17991758280914,,,105.90790948368053,182.68361780097237,116.37408278792543,183.43120160841843,129.8305913219546,182.68361780097237,707.7128744777631,76.52671714363103,715.9362963596698,75.0315495287389,731.6355563160371,75.77913333618497,441.57303902696384,54.84678672769519,449.04887710142447,57.089538150033405,457.27229898333115,57.83712195747947,,,,,,,,,,,,,,,,,,,,,,,,,,,,,,,,,,,,,,,,,,,,,,,,,,,,,,,,,,,,,,,,,,,,,,,,,,,,,,,,,,,,,,,,,,,,,,,,,,,,,,,,,,,,,,,,,,,,,,,,,,,,,,,,,,,,,,,,,,,,,,,,,,,,,,,,,,,,
labeled-data,Fish3,img28.png,465.49572086523796,294.073605110436,393.72767535041567,274.6364261168384,354.10573355577424,252.20891189345642,103.66515806134234,178.94569876374206,114.8789151730333,180.44086637863418,123.84992086238609,179.69328257118812,712.9459611298855,79.51705237341528,722.6645506266843,76.52671714363103,736.8686429681595,75.0315495287389,442.3206228344099,55.59437053514128,448.3012932939784,56.34195434258734,456.5247151758851,58.58470576492553,,,,,,,,,,,,,,,,,,,,,,,,,,,,,,,,,,,,,,,,,,,,,,,,,,,,,,,,,,,,,,,,,,,,,,,,,,,,,,,,,,,,,,,,,,,,,,,,,,,,,,,,,,,,,,,,,,,,,,,,,,,,,,,,,,,,,,,,,,,,,,,,,,,,,,,,,,,,
labeled-data,Fish3,img31.png,509.60316550455576,300.8018593774507,437.08753618228747,289.58810226575963,366.8146582823573,270.150923272162,101.42240663900412,178.198114956296,110.3934123283569,177.45053114884993,120.85958563260183,178.198114956296,711.4507935149934,78.76946856596922,726.4024696639146,75.0315495287389,741.3541458128359,76.52671714363103,442.3206228344099,54.84678672769519,449.04887710142447,55.59437053514128,455.02954756099297,57.83712195747947,,,,,,,,,,,,,,,,,,,,,,,,,,,,,,,,,,,,,,,,,,,,,,,,,,,,,,,,,,,,,,,,,,,,,,,,,,,,,,,,,,,,,,,,,,,,,,,,,,,,,,,,,,,,,,,,,,,,,,,,,,,,,,,,,,,,,,,,,,,,,,,,,,,,,,,,,,,,
labeled-data,Fish3,img33.png,519.3217550013546,301.54944318489675,439.33028760462565,285.8501832285293,378.0284153940483,275.38400992428444,100.67482283155806,183.43120160841843,111.88857994324906,178.198114956296,123.10233705494002,175.9553635339578,715.1887125522237,77.2743009510771,724.9073020490225,76.52671714363103,737.6162267756056,77.2743009510771,441.57303902696384,56.34195434258734,448.3012932939784,56.34195434258734,456.5247151758851,58.58470576492553,,,,,,,,,,,,,,,,,,,,,,,,,,,,,,,,,,,,,,,,,,,,,,,,,,,,,,,,,,,,,,,,,,,,,,,,,,,,,,,,,,,,,,,,,,,,,,,,,,,,,,,,,,,,,,,,,,,,,,,,,,,,,,,,,,,,,,,,,,,,,,,,,,,,,,,,,,,,
labeled-data,Fish3,img35.png,540.2541016098444,300.8018593774507,459.51505040566946,294.82118891788207,389.2421725057393,279.12192896151475,102.16999044645019,181.9360339935263,110.3934123283569,177.45053114884993,122.35475324749396,176.70294734140387,713.6935449373316,74.28396572129284,726.4024696639146,74.28396572129284,742.101729620282,75.0315495287389,442.3206228344099,54.09920292024913,448.3012932939784,57.089538150033405,453.53437994610084,57.089538150033405,,,,,,,,,,,,,,,,,,,,,,,,,,,,,,,,,,,,,,,,,,,,,,,,,,,,,,,,,,,,,,,,,,,,,,,,,,,,,,,,,,,,,,,,,,,,,,,,,,,,,,,,,,,,,,,,,,,,,,,,,,,,,,,,,,,,,,,,,,,,,,,,,,,,,,,,,,,,
labeled-data,Fish3,img38.png,583.6139624417162,296.3163565327742,502.8749112375412,295.56877272532813,412.41727053656723,291.8308536880978,101.42240663900412,175.20777972651175,110.3934123283569,172.96502830417356,121.6071694400479,173.71261211161962,717.4314639745619,72.04121429895466,730.140388701145,73.53638191384678,743.5968972351741,74.28396572129284,438.5827037971796,54.84678672769519,444.5633742567481,56.34195434258734,452.0392123312087,56.34195434258734,,,,,,,,,,,,,,,,,,,,,,,,,,,,,,,,,,,,,,,,,,,,,,,,,,,,,,,,,,,,,,,,,,,,,,,,,,,,,,,,,,,,,,,,,,,,,,,,,,,,,,,,,,,,,,,,,,,,,,,,,,,,,,,,,,,,,,,,,,,,,,,,,,,,,,,,,,,,
labeled-data,Fish3,img40.png,592.584968131069,295.56877272532813,507.3604140822176,294.073605110436,424.3786114557043,295.56877272532813,100.67482283155806,178.94569876374206,109.64582852091084,174.46019591906568,120.11200182515577,173.71261211161962,719.6742153969001,73.53638191384678,731.6355563160371,74.28396572129284,744.3444810426204,75.77913333618497,439.33028760462565,55.59437053514128,448.3012932939784,57.089538150033405,452.7867961386548,56.34195434258734,,,,,,,,,,,,,,,,,,,,,,,,,,,,,,,,,,,,,,,,,,,,,,,,,,,,,,,,,,,,,,,,,,,,,,,,,,,,,,,,,,,,,,,,,,,,,,,,,,,,,,,,,,,,,,,,,,,,,,,,,,,,,,,,,,,,,,,,,,,,,,,,,,,,,,,,,,,,
labeled-data,Fish3,img42.png,612.7697309321127,293.32602130298994,531.2830959204916,300.0542755700045,437.83511998973347,300.0542755700045,101.42240663900412,176.70294734140387,110.3934123283569,173.71261211161962,123.10233705494002,175.20777972651175,720.4217992043461,71.29363049150857,732.3831401234831,74.28396572129284,748.8299838872967,77.2743009510771,438.5827037971796,55.59437053514128,446.0585418716402,57.089538150033405,453.53437994610084,58.58470576492553,,,,,,,,,,,,,,,,,,,,,,,,,,,,,,,,,,,,,,,,,,,,,,,,,,,,,,,,,,,,,,,,,,,,,,,,,,,,,,,,,,,,,,,,,,,,,,,,,,,,,,,,,,,,,,,,,,,,,,,,,,,,,,,,,,,,,,,,,,,,,,,,,,,,,,,,,,,,
labeled-data,Fish3,img43.png,636.6924127703869,294.073605110436,542.4968530321826,301.54944318489675,455.02954756099297,303.04461079978887,99.927239024112,174.46019591906568,108.15066090601871,172.2174444967275,122.35475324749396,173.71261211161962,721.1693830117922,72.04121429895466,733.1307239309292,72.78879810640072,749.5775676947428,77.2743009510771,437.08753618228747,56.34195434258734,443.815790449302,57.089538150033405,452.0392123312087,58.58470576492553,,,,,,,,,,,,,,,,,,,,,,,,,,,,,,,,,,,,,,,,,,,,,,,,,,,,,,,,,,,,,,,,,,,,,,,,,,,,,,,,,,,,,,,,,,,,,,,,,,,,,,,,,,,,,,,,,,,,,,,,,,,,,,,,,,,,,,,,,,,,,,,,,,,,,,,,,,,,
labeled-data,Fish3,img47.png,662.110262223553,290.3356860732057,578.3808757895938,301.54944318489675,472.2239751322525,306.0349460295731,97.68448760177381,172.96502830417356,108.15066090601871,171.46986068928143,125.34508847727821,173.71261211161962,722.6645506266843,71.29363049150857,736.8686429681595,71.29363049150857,751.0727353096349,75.0315495287389,437.08753618228747,55.59437053514128,442.3206228344099,55.59437053514128,449.04887710142447,57.089538150033405,,,,,,,,,,,,,,,,,,,,,,,,,,,,,,,,,,,,,,,,,,,,,,,,,,,,,,,,,,,,,,,,,,,,,,,,,,,,,,,,,,,,,,,,,,,,,,,,,,,,,,,,,,,,,,,,,,,,,,,,,,,,,,,,,,,,,,,,,,,,,,,,,,,,,,,,,,,,
labeled-data,Fish3,img48.png,678.5571059873664,286.5977670359754,591.8373786200111,294.82118891788224,482.6901427328856,306.03494602957323,98.43206570560807,172.96502830417364,107.40307139496085,171.46986068928152,118.61682850665181,174.46019591906577,720.4217935007343,70.54604668406267,733.1307182273174,72.78879810640089,748.0823943762389,77.27430095107727,434.09719524889135,55.594370535141394,440.0778657084599,56.34195434258746,449.7964552052587,56.34195434258746,,,,,,,,,,,,,,,,,,,,,,,,,,,,,,,,,,,,,,,,,,,,,,,,,,,,,,,,,,,,,,,,,,,,,,,,,,,,,,,,,,,,,,,,,,,,,,,,,,,,,,,,,,,,,,,,,,,,,,,,,,,,,,,,,,,,,,,,,,,,,,,,,,,,,,,,,,,,
labeled-data,Fish3,img52.png,730.8879668049792,284.35501561363736,651.6440832156964,294.0736051104362,537.2637606764483,314.2583679114799,100.67481712794626,169.97469307438934,110.3934066247451,169.97469307438934,118.61682850665181,168.4795254594972,725.6548801528568,68.30329526172449,735.3734696496556,71.29363049150874,747.3348105687928,73.53638191384695,435.59236286378353,58.584705764925644,439.33028190101385,58.584705764925644,447.55370378292054,59.33228957237171,,,,,,,,,,,,,,,,,,,,,,,,,,,,,,,,,,,,,,,,,,,,,,,,,,,,,,,,,,,,,,,,,,,,,,,,,,,,,,,,,,,,,,,,,,,,,,,,,,,,,,,,,,,,,,,,,,,,,,,,,,,,,,,,,,,,,,,,,,,,,,,,,,,,,,,,,,,,
