scorer,,,Michael,Michael,Michael,Michael,Michael,Michael,Michael,Michael,Michael,Michael,Michael,Michael,Michael,Michael,Michael,Michael,Michael,Michael,Michael,Michael,Michael,Michael,Michael,Michael,Michael,Michael,Michael,Michael,Michael,Michael,Michael,Michael,Michael,Michael,Michael,Michael,Michael,Michael,Michael,Michael,Michael,Michael,Michael,Michael,Michael,Michael,Michael,Michael,Michael,Michael,Michael,Michael,Michael,Michael,Michael,Michael,Michael,Michael,Michael,Michael,Michael,Michael,Michael,Michael,Michael,Michael,Michael,Michael,Michael,Michael,Michael,Michael,Michael,Michael,Michael,Michael,Michael,Michael,Michael,Michael,Michael,Michael,Michael,Michael,Michael,Michael,Michael,Michael,Michael,Michael,Michael,Michael,Michael,Michael,Michael,Michael,Michael,Michael,Michael,Michael,Michael,Michael,Michael,Michael,Michael,Michael,Michael,Michael,Michael,Michael,Michael,Michael,Michael,Michael,Michael,Michael,Michael,Michael,Michael,Michael,Michael,Michael,Michael,Michael,Michael,Michael,Michael,Michael,Michael,Michael,Michael,Michael,Michael,Michael,Michael,Michael,Michael,Michael,Michael,Michael,Michael,Michael,Michael,Michael,Michael,Michael,Michael,Michael,Michael,Michael,Michael,Michael,Michael,Michael,Michael,Michael,Michael,Michael,Michael,Michael,Michael,Michael,Michael,Michael,Michael,Michael,Michael,Michael,Michael,Michael,Michael,Michael,Michael,Michael,Michael,Michael,Michael,Michael,Michael,Michael
individuals,,,fish1,fish1,fish1,fish1,fish1,fish1,fish2,fish2,fish2,fish2,fish2,fish2,fish3,fish3,fish3,fish3,fish3,fish3,fish4,fish4,fish4,fish4,fish4,fish4,fish5,fish5,fish5,fish5,fish5,fish5,fish6,fish6,fish6,fish6,fish6,fish6,fish7,fish7,fish7,fish7,fish7,fish7,fish8,fish8,fish8,fish8,fish8,fish8,fish9,fish9,fish9,fish9,fish9,fish9,fish10,fish10,fish10,fish10,fish10,fish10,fish11,fish11,fish11,fish11,fish11,fish11,fish12,fish12,fish12,fish12,fish12,fish12,fish13,fish13,fish13,fish13,fish13,fish13,fish14,fish14,fish14,fish14,fish14,fish14,fish15,fish15,fish15,fish15,fish15,fish15,fish16,fish16,fish16,fish16,fish16,fish16,fish17,fish17,fish17,fish17,fish17,fish17,fish18,fish18,fish18,fish18,fish18,fish18,fish19,fish19,fish19,fish19,fish19,fish19,fish20,fish20,fish20,fish20,fish20,fish20,fish21,fish21,fish21,fish21,fish21,fish21,fish22,fish22,fish22,fish22,fish22,fish22,fish23,fish23,fish23,fish23,fish23,fish23,fish24,fish24,fish24,fish24,fish24,fish24,fish25,fish25,fish25,fish25,fish25,fish25,fish26,fish26,fish26,fish26,fish26,fish26,fish27,fish27,fish27,fish27,fish27,fish27,fish28,fish28,fish28,fish28,fish28,fish28,fish29,fish29,fish29,fish29,fish29,fish29,fish30,fish30,fish30,fish30,fish30,fish30
bodyparts,,,head,head,torso,torso,tail,tail,head,head,torso,torso,tail,tail,head,head,torso,torso,tail,tail,head,head,torso,torso,tail,tail,head,head,torso,torso,tail,tail,head,head,torso,torso,tail,tail,head,head,torso,torso,tail,tail,head,head,torso,torso,tail,tail,head,head,torso,torso,tail,tail,head,head,torso,torso,tail,tail,head,head,torso,torso,tail,tail,head,head,torso,torso,tail,tail,head,head,torso,torso,tail,tail,head,head,torso,torso,tail,tail,head,head,torso,torso,tail,tail,head,head,torso,torso,tail,tail,head,head,torso,torso,tail,tail,head,head,torso,torso,tail,tail,head,head,torso,torso,tail,tail,head,head,torso,torso,tail,tail,head,head,torso,torso,tail,tail,head,head,torso,torso,tail,tail,head,head,torso,torso,tail,tail,head,head,torso,torso,tail,tail,head,head,torso,torso,tail,tail,head,head,torso,torso,tail,tail,head,head,torso,torso,tail,tail,head,head,torso,torso,tail,tail,head,head,torso,torso,tail,tail,head,head,torso,torso,tail,tail
coords,,,x,y,x,y,x,y,x,y,x,y,x,y,x,y,x,y,x,y,x,y,x,y,x,y,x,y,x,y,x,y,x,y,x,y,x,y,x,y,x,y,x,y,x,y,x,y,x,y,x,y,x,y,x,y,x,y,x,y,x,y,x,y,x,y,x,y,x,y,x,y,x,y,x,y,x,y,x,y,x,y,x,y,x,y,x,y,x,y,x,y,x,y,x,y,x,y,x,y,x,y,x,y,x,y,x,y,x,y,x,y,x,y,x,y,x,y,x,y,x,y,x,y,x,y,x,y,x,y,x,y,x,y,x,y,x,y,x,y,x,y,x,y,x,y,x,y,x,y,x,y,x,y,x,y,x,y,x,y,x,y,x,y,x,y,x,y,x,y,x,y,x,y,x,y,x,y,x,y,x,y
labeled-data,Fish8,img001.png,412.41727053656734,142.31409219888502,466.243304672684,141.56650839143896,515.5838359641243,138.5761731616547,813.1221913276584,226.79106244029043,848.2586302776235,212.5869700988152,,,,,,,,,465.49572086523796,411.4442628794685,478.9522293992672,411.4442628794685,487.92323508861995,409.9490952645763,446.8061256790864,413.6870143018067,431.10686572271896,394.997419115655,416.9027733812437,379.29815915928765,609.0318118948826,467.5130484379233,634.4496613480487,465.27029701558513,663.6054298384454,466.0178808230312,,,,,,,,,,,,,,,,,,,,,,,,,,,,,,,,,,,,,,,,,,,,,,,,,,,,,,,,,,,,,,,,,,,,,,,,,,,,,,,,,,,,,,,,,,,,,,,,,,,,,,,,,,,,,,,,,,,,,,,,,,,,,,,,,,,,,,,,,,,,,,,,
labeled-data,Fish8,img010.png,314.4837917611328,128.10999985740978,357.09606878555854,127.3624160499637,408.67935149933703,125.8672484350716,715.1887125522239,232.77173289985893,756.3058219617574,223.80072721050618,801.1608504085214,213.33455390626125,803.4036018308595,159.50851977014457,,,,,464.7481370577919,399.4829219603314,465.49572086523796,407.7063438422381,466.243304672684,415.9297657241449,452.03921233120883,418.92010095392914,442.3206228344099,401.72567338266964,420.64069241847403,377.05540773694946,549.9726911066434,459.28962655601663,579.1284595970399,464.52271320813907,,,,,,,,,,,,,,,,,,,,,,,,,,,,,,,,,,,,,,,,,,,,,,,,,,,,,,,,,,,,,,,,,,,,,,,,,,,,,,,,,,,,,,,,,,,,,,,,,,,,,,,,,,,,,,,,,,,,,,,,,,,,,,,,,,,,,,,,,,,,,,,,,,
labeled-data,Fish8,img021.png,200.10346922188478,108.67282086381205,244.21091386120264,108.67282086381205,278.5997690037217,107.92523705636602,613.517314739559,238.00481955198143,655.3820079565387,232.77173289985893,694.256365943734,224.54831101795224,588.0994652863926,141.56650839143902,650.8965051118621,131.84791889464015,719.6742153969003,123.62449701273347,463.25296944289977,389.0167486560865,460.2626342131155,397.98775434543927,459.51505040566946,409.9490952645763,453.53437994610096,415.1821819166988,444.5633742567482,397.2401705379932,434.0972009525032,374.8126563146113,489.4184027035121,455.5517075187863,510.35074931200194,459.28962655601663,533.52584734283,466.0178808230312,,,,,,,,,,,,,,,,,,,,,,,,,,,,,,,,,,,,,,,,,,,,,,,,,,,,,,,,,,,,,,,,,,,,,,,,,,,,,,,,,,,,,,,,,,,,,,,,,,,,,,,,,,,,,,,,,,,,,,,,,,,,,,,,,,,,,,,,,,,,,,,,
labeled-data,Fish8,img023.png,187.39454449530166,106.43006944147386,231.50198913461958,104.18731801913565,269.6287633143689,105.68248563402777,603.0511414353141,240.99515478176562,650.148921304416,234.26690051475106,689.0232792916115,226.04347863284437,563.4291996406726,143.06167600633114,632.2069099257105,134.09067031697833,690.5184469065036,125.86724843507166,461.0102180205616,389.0167486560865,458.7674665982234,394.997419115655,458.7674665982234,403.9684248050078,455.77713136843914,413.6870143018067,444.5633742567482,396.49258673054715,440.0778714120717,374.0650725071652,484.18531605138963,455.5517075187863,505.1176626598795,460.0372103634627,526.7975930758153,465.27029701558513,,,,,,,,,,,,,,,,,,,,,,,,,,,,,,,,,,,,,,,,,,,,,,,,,,,,,,,,,,,,,,,,,,,,,,,,,,,,,,,,,,,,,,,,,,,,,,,,,,,,,,,,,,,,,,,,,,,,,,,,,,,,,,,,,,,,,,,,,,,,,,,,
labeled-data,Fish8,img028.png,141.79193224109167,95.21631232978287,179.918706420841,95.21631232978287,211.31722633357577,95.21631232978287,558.1961129885501,248.47099285622625,595.5753033608535,240.24757097431956,629.2165746959263,235.01448432219712,479.69981320671326,131.84791889464015,541.7492692247367,127.36241604996376,591.8373843236232,121.38174559039523,463.25296944289977,377.05540773694946,458.7674665982234,387.5215810411944,458.7674665982234,397.2401705379932,452.03921233120883,415.1821819166988,448.3012932939785,394.24983530820896,440.8254552195178,371.07473727738096,461.0102180205616,456.2992913262324,478.9522293992672,455.5517075187863,502.12732743009525,460.0372103634627,,,,,,,,,,,,,,,,,,,,,,,,,,,,,,,,,,,,,,,,,,,,,,,,,,,,,,,,,,,,,,,,,,,,,,,,,,,,,,,,,,,,,,,,,,,,,,,,,,,,,,,,,,,,,,,,,,,,,,,,,,,,,,,,,,,,,,,,,,,,,,,,
labeled-data,Fish8,img033.png,101.42240663900418,79.51705237341547,133.56851035918498,79.51705237341547,170.2001169240422,81.01221998830762,511.098333119448,263.42266900514755,549.9726911066434,252.95649570090268,584.3615462491623,241.74273858921168,403.4462648472146,113.15832370848845,469.98122370991445,113.15832370848848,517.8265873864625,110.9155722861503,461.0102180205616,367.3368182401506,459.51505040566946,380.7933267741798,459.51505040566946,389.7643324635326,452.03921233120883,417.424933339037,452.7867961386549,399.4829219603314,449.79646090887053,375.56024012205734,437.08753618228747,453.3089560964481,458.01988279077733,451.813788481556,483.43773224394357,456.2992913262324,,,,,,,,,,,,,,,,,,,,,,,,,,,,,,,,,,,,,,,,,,,,,,,,,,,,,,,,,,,,,,,,,,,,,,,,,,,,,,,,,,,,,,,,,,,,,,,,,,,,,,,,,,,,,,,,,,,,,,,,,,,,,,,,,,,,,,,,,,,,,,,,
labeled-data,Fish8,img040.png,62.548048651808784,68.3032952617245,90.95623333475928,69.05087906917056,121.60716944004795,71.29363049150875,467.73847228757614,276.1315937317307,498.3894083928648,262.6750851977015,538.0113501875064,253.70407950834874,307.7555374941182,87.74047425532218,367.56224208980336,94.46872852233678,423.6310276482583,97.45906375212105,466.9908884801301,362.8513153954743,463.25296944289977,369.57956966248884,460.2626342131155,377.8029915443956,455.02954756099297,412.93943049436064,460.2626342131155,392.7546676933169,455.02954756099297,368.0844020475967,414.6600219589055,449.5710370592178,437.8351199897335,445.8331180219875,461.0102180205616,451.06620467410994,804.1511856383054,256.694414738133,846.7634626627312,249.2185766636723,,,,,,,,,,,,,,,,,,,,,,,,,,,,,,,,,,,,,,,,,,,,,,,,,,,,,,,,,,,,,,,,,,,,,,,,,,,,,,,,,,,,,,,,,,,,,,,,,,,,,,,,,,,,,,,,,,,,,,,,,,,,,,,,,,,,,,,,,,,,
labeled-data,Fish8,img044.png,40.86811823587287,55.59437053514138,71.51905434116155,57.83712195747957,99.17965521666595,59.33228957237172,445.31095806419415,283.6074318061913,480.4473970141592,267.16058804237787,508.10799788966364,258.9371661604712,257.66742239523177,63.817792417048096,320.46446222070125,75.03154952873909,370.55257731958767,85.497722832984,467.73847228757614,357.6182287433518,464.7481370577919,367.33681824015065,461.0102180205616,379.2981591592877,454.2819637535469,410.69667907202245,458.01988279077733,392.7546676933169,452.7867961386548,362.1037315880282,398.21317819509204,447.3282856368796,422.13586003336616,446.58070182943356,443.815790449302,447.3282856368796,760.7913248064336,248.47099285622625,804.1511856383054,245.480657626442,844.520711240393,240.24757097431956,,,,,,,,,,,,,,,,,,,,,,,,,,,,,,,,,,,,,,,,,,,,,,,,,,,,,,,,,,,,,,,,,,,,,,,,,,,,,,,,,,,,,,,,,,,,,,,,,,,,,,,,,,,,,,,,,,,,,,,,,,,,,,,,,,,,,,,,,,
labeled-data,Fish8,img050.png,8.722014515692067,42.1378620011122,34.88744777630434,44.38061342345041,55.819794384794164,48.86611626812679,402.6986810397685,291.83085368809805,438.5827037971796,279.1219289615149,469.98122370991433,267.90817184982393,174.68561976871854,37.65235915643582,240.47299482397227,57.089538150033505,289.0659423079665,62.32262480215597,472.2239751322525,353.1327258986754,468.4860560950222,360.6085639731361,465.49572086523796,369.57956966248884,458.01988279077733,410.69667907202245,462.5053856354537,390.51191627097865,458.7674665982234,370.3271534699349,366.8146582823573,444.3379504070954,390.7373401206314,442.0951989847572,413.9124381514594,442.0951989847572,686.7805278692732,235.01448432219706,721.1693830117922,231.27656528496675,769.7623304957864,232.0241490924128,840.0352083957165,209.59663486903088,,,,,840.7827922031627,335.9382983274159,,,,,,,,,,,,,,,,,,,,,,,,,,,,,,,,,,,,,,,,,,,,,,,,,,,,,,,,,,,,,,,,,,,,,,,,,,,,,,,,,,,,,,,,,,,,,,,,,,,,,,,,,,,,,,,,,,,,,,,,,,,,,,,,,,
labeled-data,Fish8,img057.png,,,6.479263093353865,28.681353467083042,31.897112546520077,36.157191541543696,367.56224208980336,292.5784374955441,394.47525915786173,280.61709657640705,429.6116981078268,276.1315937317307,109.64582852091085,9.24417447348533,161.22911123468936,23.448266814960576,206.83172348889934,30.176521081975167,474.4667265545907,349.3948068614451,472.2239751322525,353.88030970612147,469.23363990246827,367.33681824015065,459.51505040566946,406.2111762273461,463.25296944289977,386.02641342630227,463.25296944289977,371.822321084827,343.6395602515293,449.5710370592178,360.08640401534274,445.8331180219875,379.5235830089404,444.3379504070954,623.9834880438037,220.81039198072182,665.1005974533373,221.55797578816788,705.4701230554248,227.53864624773644,774.2478333404628,220.81039198072182,806.3939370606436,214.08213771370725,838.5400407808244,208.10146725413875,798.9180989861829,341.17138497953835,834.054537936148,331.45279548273953,,,,,,,,,,,,,,,,,,,,,,,,,,,,,,,,,,,,,,,,,,,,,,,,,,,,,,,,,,,,,,,,,,,,,,,,,,,,,,,,,,,,,,,,,,,,,,,,,,,,,,,,,,,,,,,,,,,,,,,,,,,,,,,,
labeled-data,Fish8,img063.png,,,,,,,324.2023812579316,282.1122641912992,353.3581497483281,280.61709657640705,382.51391823872467,276.1315937317307,,,78.24730860817611,9.24417447348533,117.86925040281757,11.486925895823532,462.5053856354537,345.6568878242148,475.21431036203677,353.1327258986754,478.204645591821,365.8416506252585,466.9908884801301,409.2015114571303,464.00055325034583,386.77399723374833,464.7481370577919,371.07473727738096,302.5224508419957,460.0372103634628,325.69754887282375,451.813788481556,348.87264690365174,447.3282856368796,538.7589339949523,190.15945587543314,577.6332919821476,196.88771014244776,616.507649969343,204.36354821690838,705.4701230554248,229.03381386262856,744.3444810426203,221.55797578816788,772.0050819181246,212.58697009881513,749.5775676947427,342.66655259443047,781.7236714149235,330.70521167529347,816.8601103648886,323.2293736008328,,,,,,,,,,,,,,,,,,,,,,,,,,,,,,,,,,,,,,,,,,,,,,,,,,,,,,,,,,,,,,,,,,,,,,,,,,,,,,,,,,,,,,,,,,,,,,,,,,,,,,,,,,,,,,,,,,,,,,,,,,,,,,
labeled-data,Fish8,img071.png,,,,,,,292.8038613451969,262.6750851977015,315.2313755685788,267.90817184982393,339.1540574068529,268.65575565727005,,,,,,,459.51505040566946,343.41413640187653,475.96189416948283,353.1327258986754,487.92323508861983,352.38514209122934,466.9908884801301,409.9490952645764,468.4860560950222,385.2788296188562,464.00055325034583,366.5892344327046,279.3473528111677,468.2606322453695,305.51278607177994,460.0372103634628,328.687884102608,453.3089560964481,463.25296944289977,160.25610357759052,512.59350073434,172.96502830417364,549.9726911066432,179.69328257118826,649.40133749697,245.480657626442,681.5474412171508,233.51931670730494,713.6935449373316,222.30555959561394,701.7322040181945,345.6568878242148,739.1113943904977,335.19071451996984,778.7333361851393,328.4624602529552,,,,,,,,,,,,,,,,,,,,,,,,,,,,,,,,,,,,,,,,,,,,,,,,,,,,,,,,,,,,,,,,,,,,,,,,,,,,,,,,,,,,,,,,,,,,,,,,,,,,,,,,,,,,,,,,,,,,,,,,,,,,,,
labeled-data,Fish8,img074.png,,,,,,,279.3473528111677,253.70407950834874,304.7652022643339,263.42266900514755,330.9306355249462,265.66542042748574,,,,,,,453.53437994610084,338.92863355720016,469.98122370991433,348.647223053999,487.17565128117377,351.6375582837833,466.9908884801301,409.9490952645764,469.98122370991433,388.26916484864046,461.0102180205616,366.5892344327046,271.12393092926095,471.9985512825998,291.30869373030475,460.78479417090887,324.2023812579316,453.3089560964481,438.5827037971796,156.5181845403602,484.9328998588356,160.25610357759052,523.059674038585,172.96502830417364,640.4303318076171,252.95649570090262,668.8385164905676,239.4999871668735,695.0039497511799,227.53864624773644,689.7708630990575,344.1617202093226,733.1307239309292,332.2003792901856,770.5099143032324,329.9576278678474,,,,,,,,,,,,,,,,,,,,,,,,,,,,,,,,,,,,,,,,,,,,,,,,,,,,,,,,,,,,,,,,,,,,,,,,,,,,,,,,,,,,,,,,,,,,,,,,,,,,,,,,,,,,,,,,,,,,,,,,,,,,,,
labeled-data,Fish8,img084.png,,,,,,,229.25923771228133,227.53864624773644,256.17225478033964,240.99515478176562,285.3280232707362,246.22824143388806,,,,,,,443.815790449302,334.4431307125238,469.23363990246827,341.9189687869844,482.6901484364974,347.89963924655297,460.2626342131155,412.93943049436064,471.47639132480646,392.7546676933169,474.4667265545907,371.07473727738096,,,253.92950335800145,470.5033836677077,280.09493661861376,470.5033836677077,350.36781451854387,116.14865893827267,390.7373401206314,131.84791889464003,427.3689466854886,135.5858379318704,579.8760434044858,274.63642611683855,604.546309050206,259.68474996791724,629.2165746959262,247.72340904878018,656.1295917639845,352.38514209122934,695.0039497511799,341.17138497953835,723.4121344341304,329.2100440604013,,,,,,,,,,,,,,,,,,,,,,,,,,,,,,,,,,,,,,,,,,,,,,,,,,,,,,,,,,,,,,,,,,,,,,,,,,,,,,,,,,,,,,,,,,,,,,,,,,,,,,,,,,,,,,,,,,,,,,,,,,,,,,
