scorer,,,Michael,Michael,Michael,Michael,Michael,Michael,Michael,Michael,Michael,Michael,Michael,Michael,Michael,Michael,Michael,Michael,Michael,Michael,Michael,Michael,Michael,Michael,Michael,Michael,Michael,Michael,Michael,Michael,Michael,Michael,Michael,Michael,Michael,Michael,Michael,Michael,Michael,Michael,Michael,Michael,Michael,Michael,Michael,Michael,Michael,Michael,Michael,Michael,Michael,Michael,Michael,Michael,Michael,Michael,Michael,Michael,Michael,Michael,Michael,Michael,Michael,Michael,Michael,Michael,Michael,Michael,Michael,Michael,Michael,Michael,Michael,Michael,Michael,Michael,Michael,Michael,Michael,Michael,Michael,Michael,Michael,Michael,Michael,Michael,Michael,Michael,Michael,Michael,Michael,Michael,Michael,Michael,Michael,Michael,Michael,Michael,Michael,Michael,Michael,Michael,Michael,Michael,Michael,Michael,Michael,Michael,Michael,Michael,Michael,Michael,Michael,Michael,Michael,Michael,Michael,Michael,Michael,Michael,Michael,Michael,Michael,Michael,Michael,Michael,Michael,Michael,Michael,Michael,Michael,Michael,Michael,Michael,Michael,Michael,Michael,Michael,Michael,Michael,Michael,Michael,Michael,Michael,Michael,Michael,Michael,Michael,Michael,Michael,Michael,Michael,Michael,Michael,Michael,Michael,Michael,Michael,Michael,Michael,Michael,Michael,Michael,Michael,Michael,Michael,Michael,Michael,Michael,Michael,Michael,Michael,Michael,Michael,Michael,Michael,Michael,Michael,Michael,Michael,Michael,Michael
individuals,,,fish1,fish1,fish1,fish1,fish1,fish1,fish2,fish2,fish2,fish2,fish2,fish2,fish3,fish3,fish3,fish3,fish3,fish3,fish4,fish4,fish4,fish4,fish4,fish4,fish5,fish5,fish5,fish5,fish5,fish5,fish6,fish6,fish6,fish6,fish6,fish6,fish7,fish7,fish7,fish7,fish7,fish7,fish8,fish8,fish8,fish8,fish8,fish8,fish9,fish9,fish9,fish9,fish9,fish9,fish10,fish10,fish10,fish10,fish10,fish10,fish11,fish11,fish11,fish11,fish11,fish11,fish12,fish12,fish12,fish12,fish12,fish12,fish13,fish13,fish13,fish13,fish13,fish13,fish14,fish14,fish14,fish14,fish14,fish14,fish15,fish15,fish15,fish15,fish15,fish15,fish16,fish16,fish16,fish16,fish16,fish16,fish17,fish17,fish17,fish17,fish17,fish17,fish18,fish18,fish18,fish18,fish18,fish18,fish19,fish19,fish19,fish19,fish19,fish19,fish20,fish20,fish20,fish20,fish20,fish20,fish21,fish21,fish21,fish21,fish21,fish21,fish22,fish22,fish22,fish22,fish22,fish22,fish23,fish23,fish23,fish23,fish23,fish23,fish24,fish24,fish24,fish24,fish24,fish24,fish25,fish25,fish25,fish25,fish25,fish25,fish26,fish26,fish26,fish26,fish26,fish26,fish27,fish27,fish27,fish27,fish27,fish27,fish28,fish28,fish28,fish28,fish28,fish28,fish29,fish29,fish29,fish29,fish29,fish29,fish30,fish30,fish30,fish30,fish30,fish30
bodyparts,,,head,head,torso,torso,tail,tail,head,head,torso,torso,tail,tail,head,head,torso,torso,tail,tail,head,head,torso,torso,tail,tail,head,head,torso,torso,tail,tail,head,head,torso,torso,tail,tail,head,head,torso,torso,tail,tail,head,head,torso,torso,tail,tail,head,head,torso,torso,tail,tail,head,head,torso,torso,tail,tail,head,head,torso,torso,tail,tail,head,head,torso,torso,tail,tail,head,head,torso,torso,tail,tail,head,head,torso,torso,tail,tail,head,head,torso,torso,tail,tail,head,head,torso,torso,tail,tail,head,head,torso,torso,tail,tail,head,head,torso,torso,tail,tail,head,head,torso,torso,tail,tail,head,head,torso,torso,tail,tail,head,head,torso,torso,tail,tail,head,head,torso,torso,tail,tail,head,head,torso,torso,tail,tail,head,head,torso,torso,tail,tail,head,head,torso,torso,tail,tail,head,head,torso,torso,tail,tail,head,head,torso,torso,tail,tail,head,head,torso,torso,tail,tail,head,head,torso,torso,tail,tail,head,head,torso,torso,tail,tail
coords,,,x,y,x,y,x,y,x,y,x,y,x,y,x,y,x,y,x,y,x,y,x,y,x,y,x,y,x,y,x,y,x,y,x,y,x,y,x,y,x,y,x,y,x,y,x,y,x,y,x,y,x,y,x,y,x,y,x,y,x,y,x,y,x,y,x,y,x,y,x,y,x,y,x,y,x,y,x,y,x,y,x,y,x,y,x,y,x,y,x,y,x,y,x,y,x,y,x,y,x,y,x,y,x,y,x,y,x,y,x,y,x,y,x,y,x,y,x,y,x,y,x,y,x,y,x,y,x,y,x,y,x,y,x,y,x,y,x,y,x,y,x,y,x,y,x,y,x,y,x,y,x,y,x,y,x,y,x,y,x,y,x,y,x,y,x,y,x,y,x,y,x,y,x,y,x,y,x,y,x,y
labeled-data,Fish32,img000.png,381.8845843665376,320.59743286301574,313.7354870938393,357.3979453902728,253.76428149386487,414.6431870993394,589.0578400755403,267.4411369903111,590.4208220209941,276.98201060848885,579.5169664573625,281.07095644485076,65.67277302121771,86.16453824493374,82.02855636666528,103.8833035358353,101.1103036030208,112.0611952085591,,,,,,,,,,,,,,,,,,,,,,,,,,,,,,,,,,,,,,,,,,,,,,,,,,,,,,,,,,,,,,,,,,,,,,,,,,,,,,,,,,,,,,,,,,,,,,,,,,,,,,,,,,,,,,,,,,,,,,,,,,,,,,,,,,,,,,,,,,,,,,,,,,,,,,,,,,,,,,,,,,
labeled-data,Fish32,img024.png,392.78843993016926,301.51568562666023,317.8244329302012,332.86427037210143,263.3051551120426,379.2056565175363,571.3390747846387,282.4339383903048,561.7982011664609,271.530082826673,546.8053997664671,260.6262272630413,2.97560353033532,46.63806182676876,15.242441039421003,57.54191739040047,31.598224384868587,68.44577295403221,,,,,,,,,,,,,,,,,,,,,,,,,,,,,,,,,,,,,,,,,,,,,,,,,,,,,,,,,,,,,,,,,,,,,,,,,,,,,,,,,,,,,,,,,,,,,,,,,,,,,,,,,,,,,,,,,,,,,,,,,,,,,,,,,,,,,,,,,,,,,,,,,,,,,,,,,,,,,,,,,,
labeled-data,Fish32,img034.png,379.1586204756296,285.1599022812127,332.8172343301948,317.87146897210783,266.03111900295056,361.4868912266347,564.5241650573688,276.98201060848885,549.5313636573752,267.4411369903111,539.9904900391975,260.6262272630413,,,,,0.24963963942738943,60.267881281308405,,,,,,,,,,,,,,,,,,,,,,,,,,,,,,,,,,,,,,,,,,,,,,,,,,,,,,,,,,,,,,,,,,,,,,,,,,,,,,,,,,,,,,,,,,,,,,,,,,,,,,,,,,,,,,,,,,,,,,,,,,,,,,,,,,,,,,,,,,,,,,,,,,,,,,,,,,,,,,,,,,
labeled-data,Fish32,img059.png,398.24036771198513,261.98920920849525,335.5431982211027,301.51568562666023,270.1200648393124,345.1311078811871,548.1683817119213,283.79692033575867,534.5385622573816,271.530082826673,518.1827789119341,257.90026337213334,,,,,,,,,,,,,,,,,,,,,,,,,,,,,,,,,,,,,,,,,,,,,,,,,,,,,,,,,,,,,,,,,,,,,,,,,,,,,,,,,,,,,,,,,,,,,,,,,,,,,,,,,,,,,,,,,,,,,,,,,,,,,,,,,,,,,,,,,,,,,,,,,,,,,,,,,,,,,,,,,,,,,,,,
labeled-data,Fish32,img074.png,381.8845843665376,240.18149808123184,334.1802162756488,286.52288422666663,268.75708289385847,345.1311078811871,535.9015442028356,283.79692033575867,524.9976886392038,271.530082826673,507.2789233483023,267.4411369903111,,,,,,,,,,,,,,,,,,,,,,,,,,,,,,,,,,,,,,,,,,,,,,,,,,,,,,,,,,,,,,,,,,,,,,,,,,,,,,,,,,,,,,,,,,,,,,,,,,,,,,,,,,,,,,,,,,,,,,,,,,,,,,,,,,,,,,,,,,,,,,,,,,,,,,,,,,,,,,,,,,,,,,,,
labeled-data,Fish32,img087.png,362.80283713018207,217.0108050085144,321.9133787665631,276.98201060848885,268.75708289385847,351.94601760845694,522.2717247482959,281.07095644485076,519.545760857388,271.530082826673,514.0938330755722,274.25604671758094,,,,,,,,,,,,,,,,,,,,,,,,,,,,,,,,,,,,,,,,,,,,,,,,,,,,,,,,,,,,,,,,,,,,,,,,,,,,,,,,,,,,,,,,,,,,,,,,,,,,,,,,,,,,,,,,,,,,,,,,,,,,,,,,,,,,,,,,,,,,,,,,,,,,,,,,,,,,,,,,,,,,,,,,
labeled-data,Fish32,img114.png,358.71389129382015,193.84011193579698,297.37970374839176,264.71517309940316,245.5863898211411,349.22005371754904,497.73804973012466,275.61902866303484,504.55295945739454,279.70797449939676,501.8269955664864,286.52288422666663,,,,,,,,,,,,,,,,,,,,,,,,,,,,,,,,,,,,,,,,,,,,,,,,,,,,,,,,,,,,,,,,,,,,,,,,,,,,,,,,,,,,,,,,,,,,,,,,,,,,,,,,,,,,,,,,,,,,,,,,,,,,,,,,,,,,,,,,,,,,,,,,,,,,,,,,,,,,,,,,,,,,,,,,
labeled-data,Fish32,img122.png,361.43985518472806,180.21029248125734,294.6537398574838,260.6262272630413,238.77148009387122,332.86427037210143,490.9231400028548,270.167100881219,497.73804973012454,282.4339383903047,493.6491038937627,290.61183006302855,,,,,,,,,,,,,,,,,,,,,,,,,,,,,,,,,,,,,,,,,,,,,,,,,,,,,,,,,,,,,,,,,,,,,,,,,,,,,,,,,,,,,,,,,,,,,,,,,,,,,,,,,,,,,,,,,,,,,,,,,,,,,,,,,,,,,,,,,,,,,,,,,,,,,,,,,,,,,,,,,,,,,,,,
labeled-data,Fish32,img137.png,385.97353020289944,163.85450913580974,321.9133787665631,221.09975084487633,264.6681370574966,291.9748120084825,469.1154288755913,268.8041189357651,482.74524833013095,281.07095644485076,500.46401362103245,294.7007758993904,,,,,,,,,,,,,,,,,,,,,,,,,,,,,,,,,,,,,,,,,,,,,,,,,,,,,,,,,,,,,,,,,,,,,,,,,,,,,,,,,,,,,,,,,,,,,,,,,,,,,,,,,,,,,,,,,,,,,,,,,,,,,,,,,,,,,,,,,,,,,,,,,,,,,,,,,,,,,,,,,,,,,,,,
labeled-data,Fish32,img157.png,440.49280802105807,152.95065357217806,370.98072880290584,204.74396749942872,305.55759542111554,266.07815504485717,443.218771911966,268.8041189357651,462.3005191483215,275.6190286630349,481.382266384677,286.52288422666663,,,,,,,,,,,,,,,,,,,,,,,,,,,,,,,,,,,,,,,,,,,,,,,,,,,,,,,,,,,,,,,,,,,,,,,,,,,,,,,,,,,,,,,,,,,,,,,,,,,,,,,,,,,,,,,,,,,,,,,,,,,,,,,,,,,,,,,,,,,,,,,,,,,,,,,,,,,,,,,,,,,,,,,,
labeled-data,Fish32,img185.png,485.4712122210389,124.32803271764476,422.7740427301565,180.21029248125734,351.89898156655033,242.90746197213974,425.5000066210644,281.07095644485076,441.855789966512,281.07095644485076,455.48560942105166,282.4339383903047,,,,,,,,,,,,,,,,,,,,,,,,,,,,,,,,,,,,,,,,,,,,,,,,,,,,,,,,,,,,,,,,,,,,,,,,,,,,,,,,,,,,,,,,,,,,,,,,,,,,,,,,,,,,,,,,,,,,,,,,,,,,,,,,,,,,,,,,,,,,,,,,,,,,,,,,,,,,,,,,,,,,,,,,
labeled-data,Fish32,img219.png,542.7164539301054,79.34962851766392,503.18997751194047,159.76556329944788,435.0408802392422,217.0108050085144,383.24756631199153,279.7079744993968,405.05527743925495,282.4339383903047,424.13702467561046,278.34499255394286,,,,,,,,,,,,,,,,,,,,,,,,,,,,,,,,,,,,,,,,,,,,,,,,,,,,,,,,,,,,,,,,,,,,,,,,,,,,,,,,,,,,,,,,,,,,,,,,,,,,,,,,,,,,,,,,,,,,,,,,,,,,,,,,,,,,,,,,,,,,,,,,,,,,,,,,,,,,,,,,,,,,,,,,
labeled-data,Fish32,img230.png,553.6203094937372,82.07559240857185,538.6275080937435,172.03240080853357,471.84139276649927,215.64782306306046,377.79563853017567,274.25604671758094,394.15142187562327,276.98201060848885,410.5072052210708,278.34499255394286,,,,,,,,,,,,,,,,,,,,,,,,,,,,,,,,,,,,,,,,,,,,,,,,,,,,,,,,,,,,,,,,,,,,,,,,,,,,,,,,,,,,,,,,,,,,,,,,,,,,,,,,,,,,,,,,,,,,,,,,,,,,,,,,,,,,,,,,,,,,,,,,,,,,,,,,,,,,,,,,,,,,,,,,
labeled-data,Fish32,img256.png,542.7164539301054,90.25348408129565,591.7838039664482,150.2246896812701,589.0578400755402,173.39538275398752,360.0768732392741,281.07095644485076,372.3437107483598,278.34499255394286,388.6994940938074,276.98201060848885,,,,,,,,,,,,,,,,,,,,,,,,,,,,,,,,,,,,,,,,,,,,,,,,,,,,,,,,,,,,,,,,,,,,,,,,,,,,,,,,,,,,,,,,,,,,,,,,,,,,,,,,,,,,,,,,,,,,,,,,,,,,,,,,,,,,,,,,,,,,,,,,,,,,,,,,,,,,,,,,,,,,,,,,
labeled-data,Fish32,img262.png,533.1755803119277,105.24628548128925,591.7838039664482,136.59487022673045,621.7694067664354,159.76556329944788,358.71389129382015,270.167100881219,366.89178296654393,275.6190286630349,381.8845843665376,281.07095644485076,,,,,,,,,,,,,,,,,,,,,,,,,,,,,,,,,,,,,,,,,,,,,,,,,,,,,,,,,,,,,,,,,,,,,,,,,,,,,,,,,,,,,,,,,,,,,,,,,,,,,,,,,,,,,,,,,,,,,,,,,,,,,,,,,,,,,,,,,,,,,,,,,,,,,,,,,,,,,,,,,,,,,,,,
labeled-data,Fish32,img274.png,524.997688639204,112.06119520855907,594.5097678573562,122.96505077219078,643.5771178936989,121.60206882673683,351.89898156655033,272.8930647721269,355.98792740291225,279.70797449939676,366.89178296654393,283.7969203357586,,,,,,,,,,,,,,,,,,,,,,,,,,,,,,,,,,,,,,,,,,,,,,,,,,,,,,,,,,,,,,,,,,,,,,,,,,,,,,,,,,,,,,,,,,,,,,,,,,,,,,,,,,,,,,,,,,,,,,,,,,,,,,,,,,,,,,,,,,,,,,,,,,,,,,,,,,,,,,,,,,,,,,,,
labeled-data,Fish32,img279.png,518.1827789119341,114.78715909946698,595.8727498028101,125.69101466309871,629.9472984391591,118.87610493582889,347.8100357301884,278.34499255394275,354.62494545745824,282.43393839030466,364.165819075636,281.0709564448507,,,,,,,,,,,,,,,,,,,,,,,,,,,,,,,,,,,,,,,,,,,,,,,,,,,,,,,,,,,,,,,,,,,,,,,,,,,,,,,,,,,,,,,,,,,,,,,,,,,,,,,,,,,,,,,,,,,,,,,,,,,,,,,,,,,,,,,,,,,,,,,,,,,,,,,,,,,,,,,,,,,,,,,,
labeled-data,Fish32,img304.png,,,,,,,,,,,456.8485913665056,140.6838160630923,520.908742802842,131.14294244491458,578.1539845119084,120.23908688128284,317.8244329302012,275.61902866303484,323.27636071201704,266.07815504485706,334.1802162756488,263.35219115394915,,,,,,,,,,,,,,,,,,,,,,,,,,,,,,,,,,,,,,,,,,,,,,,,,,,,,,,,,,,,,,,,,,,,,,,,,,,,,,,,,,,,,,,,,,,,,,,,,,,,,,,,,,,,,,,,,,,,,,,,,,,,,,,,,,,,,,,,,,,,,,,,,,,,,,,,,,,,,,
labeled-data,Fish32,img311.png,430.9519344028803,154.31363551763195,503.18997751194036,137.9578521721844,559.072237275553,133.86890633582243,309.6465412574774,274.2560467175809,315.09846903929326,268.804118935765,321.9133787665631,263.35219115394915,,,,,,,,,,,,,,,,,,,,,,,,,,,,,,,,,,,,,,,,,,,,,,,,,,,,,,,,,,,,,,,,,,,,,,,,,,,,,,,,,,,,,,,,,,,,,,,,,,,,,,,,,,,,,,,,,,,,,,,,,,,,,,,,,,,,,,,,,,,,,,,,,,,,,,,,,,,,,,,,,,,,,,,,
labeled-data,Fish32,img356.png,218.32675091206175,360.12390928118066,251.0383176029569,278.34499255394275,308.28355931202344,189.75116609943507,,,,,,,,,,,,,,,,,,,,,,,,,,,,,,,,,,,,,,,,,,,,,,,,,,,,,,,,,,,,,,,,,,,,,,,,,,,,,,,,,,,,,,,,,,,,,,,,,,,,,,,,,,,,,,,,,,,,,,,,,,,,,,,,,,,,,,,,,,,,,,,,,,,,,,,,,,,,,,,,,,,,,,,,,,,,,,
