scorer,,,Michael,Michael,Michael,Michael,Michael,Michael,Michael,Michael,Michael,Michael,Michael,Michael,Michael,Michael,Michael,Michael,Michael,Michael,Michael,Michael,Michael,Michael,Michael,Michael,Michael,Michael,Michael,Michael,Michael,Michael,Michael,Michael,Michael,Michael,Michael,Michael,Michael,Michael,Michael,Michael,Michael,Michael,Michael,Michael,Michael,Michael,Michael,Michael,Michael,Michael,Michael,Michael,Michael,Michael,Michael,Michael,Michael,Michael,Michael,Michael,Michael,Michael,Michael,Michael,Michael,Michael,Michael,Michael,Michael,Michael,Michael,Michael,Michael,Michael,Michael,Michael,Michael,Michael,Michael,Michael,Michael,Michael,Michael,Michael,Michael,Michael,Michael,Michael,Michael,Michael,Michael,Michael,Michael,Michael,Michael,Michael,Michael,Michael,Michael,Michael,Michael,Michael,Michael,Michael,Michael,Michael,Michael,Michael,Michael,Michael,Michael,Michael,Michael,Michael,Michael,Michael,Michael,Michael,Michael,Michael,Michael,Michael,Michael,Michael,Michael,Michael,Michael,Michael,Michael,Michael,Michael,Michael,Michael,Michael,Michael,Michael,Michael,Michael,Michael,Michael,Michael,Michael,Michael,Michael,Michael,Michael,Michael,Michael,Michael,Michael,Michael,Michael,Michael,Michael,Michael,Michael,Michael,Michael,Michael,Michael,Michael,Michael,Michael,Michael,Michael,Michael,Michael,Michael,Michael,Michael,Michael,Michael,Michael,Michael,Michael,Michael,Michael,Michael,Michael,Michael
individuals,,,fish1,fish1,fish1,fish1,fish1,fish1,fish2,fish2,fish2,fish2,fish2,fish2,fish3,fish3,fish3,fish3,fish3,fish3,fish4,fish4,fish4,fish4,fish4,fish4,fish5,fish5,fish5,fish5,fish5,fish5,fish6,fish6,fish6,fish6,fish6,fish6,fish7,fish7,fish7,fish7,fish7,fish7,fish8,fish8,fish8,fish8,fish8,fish8,fish9,fish9,fish9,fish9,fish9,fish9,fish10,fish10,fish10,fish10,fish10,fish10,fish11,fish11,fish11,fish11,fish11,fish11,fish12,fish12,fish12,fish12,fish12,fish12,fish13,fish13,fish13,fish13,fish13,fish13,fish14,fish14,fish14,fish14,fish14,fish14,fish15,fish15,fish15,fish15,fish15,fish15,fish16,fish16,fish16,fish16,fish16,fish16,fish17,fish17,fish17,fish17,fish17,fish17,fish18,fish18,fish18,fish18,fish18,fish18,fish19,fish19,fish19,fish19,fish19,fish19,fish20,fish20,fish20,fish20,fish20,fish20,fish21,fish21,fish21,fish21,fish21,fish21,fish22,fish22,fish22,fish22,fish22,fish22,fish23,fish23,fish23,fish23,fish23,fish23,fish24,fish24,fish24,fish24,fish24,fish24,fish25,fish25,fish25,fish25,fish25,fish25,fish26,fish26,fish26,fish26,fish26,fish26,fish27,fish27,fish27,fish27,fish27,fish27,fish28,fish28,fish28,fish28,fish28,fish28,fish29,fish29,fish29,fish29,fish29,fish29,fish30,fish30,fish30,fish30,fish30,fish30
bodyparts,,,head,head,torso,torso,tail,tail,head,head,torso,torso,tail,tail,head,head,torso,torso,tail,tail,head,head,torso,torso,tail,tail,head,head,torso,torso,tail,tail,head,head,torso,torso,tail,tail,head,head,torso,torso,tail,tail,head,head,torso,torso,tail,tail,head,head,torso,torso,tail,tail,head,head,torso,torso,tail,tail,head,head,torso,torso,tail,tail,head,head,torso,torso,tail,tail,head,head,torso,torso,tail,tail,head,head,torso,torso,tail,tail,head,head,torso,torso,tail,tail,head,head,torso,torso,tail,tail,head,head,torso,torso,tail,tail,head,head,torso,torso,tail,tail,head,head,torso,torso,tail,tail,head,head,torso,torso,tail,tail,head,head,torso,torso,tail,tail,head,head,torso,torso,tail,tail,head,head,torso,torso,tail,tail,head,head,torso,torso,tail,tail,head,head,torso,torso,tail,tail,head,head,torso,torso,tail,tail,head,head,torso,torso,tail,tail,head,head,torso,torso,tail,tail,head,head,torso,torso,tail,tail,head,head,torso,torso,tail,tail
coords,,,x,y,x,y,x,y,x,y,x,y,x,y,x,y,x,y,x,y,x,y,x,y,x,y,x,y,x,y,x,y,x,y,x,y,x,y,x,y,x,y,x,y,x,y,x,y,x,y,x,y,x,y,x,y,x,y,x,y,x,y,x,y,x,y,x,y,x,y,x,y,x,y,x,y,x,y,x,y,x,y,x,y,x,y,x,y,x,y,x,y,x,y,x,y,x,y,x,y,x,y,x,y,x,y,x,y,x,y,x,y,x,y,x,y,x,y,x,y,x,y,x,y,x,y,x,y,x,y,x,y,x,y,x,y,x,y,x,y,x,y,x,y,x,y,x,y,x,y,x,y,x,y,x,y,x,y,x,y,x,y,x,y,x,y,x,y,x,y,x,y,x,y,x,y,x,y,x,y,x,y
labeled-data,Fish33,img027.png,736.2598927842502,39.82315209949917,763.5195316933296,146.13574384490846,771.6974233660533,244.27044391759398,,,,,,,,,,,,,,,,,,,,,,,,,,,,,,,,,,,,,,,,,,,,,,,,,,,,,,,,,,,,,,,,,,,,,,,,,,,,,,,,,,,,,,,,,,,,,,,,,,,,,,,,,,,,,,,,,,,,,,,,,,,,,,,,,,,,,,,,,,,,,,,,,,,,,,,,,,,,,,,,,,,,,,,,,,,,,,
labeled-data,Fish33,img060.png,561.7982037661427,15.289477081327732,689.9185066388154,107.97224937219738,770.3344414205993,227.91466057214637,,,,,,,,,,,,,,,,,,,598.5987162933998,471.88842880840605,614.9544996388473,462.3475551902284,636.7622107661108,459.62159129932036,,,,,,,,,,,,,,,,,,,,,,,,,,,,,,,,,,,,,,,,,,,,,,,,,,,,,,,,,,,,,,,,,,,,,,,,,,,,,,,,,,,,,,,,,,,,,,,,,,,,,,,,,,,,,,,,,,,,,,,,,,,,,,,,,,,,,,,,,,,,,,,,,,,,,,
labeled-data,Fish33,img080.png,504.55296205707623,22.104386808597525,617.6804635297552,105.24628548128945,717.1781455478947,172.03240080853374,,,,,,,,,,,,,,,,,,,,,,,,,,,,,,,,,,,,,,,,,,,,,,,,,,,,,,,,,,,,,,,,,,,,,,,,,,,,,,,,,,,,,,,,,,,,,,,,,,,,,,,,,,,,,,,,,,,,,,,,,,,,,,,,,,,,,,,,,,,,,,,,,,,,,,,,,,,,,,,,,,,,,,,,,,,,,,
labeled-data,Fish33,img099.png,440.4928106207398,19.37842291768959,567.2501315479585,67.08279100857843,661.2958857842822,118.87610493582912,,,,,,,,,,,,,,,,,,,,,,,,,,,,,,,,,,,,,,,,,,,,,,,,,,,,,,,,,,,,,,,,,,,,,,,,,,,,,,,,,,,,,,,,,,,,,,,,,,,,,,,,,,,,,,,,,,,,,,,,,,,,,,,,,,,,,,,,,,,,,,,,,,,,,,,,,,,,,,,,,,,,,,,,,,,,,,
labeled-data,Fish33,img106.png,432.31491634833424,26.193332644958986,553.6203094937372,54.81595349949227,655.8439554027846,92.9794479722032,,,,,,,,,,,,,,,,,,,,,,,,,,,,,,,,,,,,,,,,,,,,,,,,,,,,,,,,,,,,,,,,,,,,,,,,,,,,,,,,,,,,,,,,,,,,,,,,,,,,,,,,,,,,,,,,,,,,,,,,,,,,,,,,,,,,,,,,,,,,,,,,,,,,,,,,,,,,,,,,,,,,,,,,,,,,,,
labeled-data,Fish33,img113.png,377.79563853017567,82.0755924085716,554.9832914391911,49.3640257176763,636.762208166429,84.80155629947936,,,,,,,,,,,,,,,,,,,,,,,,,,,,,,,,,,,,,,,,,,,,,,,,,,,,,,,,,,,,,,,,,,,,,,,,,,,,,,,,,,,,,,,,,,,,,,,,,,,,,,,,,,,,,,,,,,,,,,,,,,,,,,,,,,,,,,,,,,,,,,,,,,,,,,,,,,,,,,,,,,,,,,,,,,,,,,
labeled-data,Fish33,img135.png,488.1971761119468,139.32083411763804,542.7164539301054,48.001043772222374,604.0506414755339,30.282278481320787,,,,,,,729.4449804572986,338.31619815391673,783.9642582754572,371.02776484481194,822.1277527481682,407.8282773720689,474.5673566574072,323.32339675392336,,,,,424.13702467561046,462.3475551902278,,,,,,,,,,,,,,,,,,,,,,,,,,,,,,,,,,,,,,,,,,,,,,,,,,,,,,,,,,,,,,,,,,,,,,,,,,,,,,,,,,,,,,,,,,,,,,,,,,,,,,,,,,,,,,,,,,,,,,,,,,,,,,,,,,,,,,,,,,,,,,,,,,,,,,,,,,
labeled-data,Fish33,img139.png,501.8269955664865,146.13574384490786,541.3534719846515,38.46017015404462,590.4208220209941,22.104386808597013,,,,,,,704.9113054391272,321.9604148084692,751.2526915845621,347.8570717720945,797.5940777299968,377.8426745720817,444.5817538574199,311.0565592448377,465.0264830392294,326.0493606448314,,,421.41106078470256,460.98457324477386,,,,,,,,,,,,,,,,,,,,,,,,,,,,,,,,,,,,,,,,,,,,,,,,,,,,,,,,,,,,,,,,,,,,,,,,,,,,,,,,,,,,,,,,,,,,,,,,,,,,,,,,,,,,,,,,,,,,,,,,,,,,,,,,,,,,,,,,,,,,,,,,,,,,,,,,,,
labeled-data,Fish33,img157.png,554.9832914391911,276.98201060848885,545.4424178210135,131.14294244491458,533.1755803119278,31.64526042677514,812.5868791299906,451.44369962659636,,,,,640.851154002791,241.5444800266858,665.3848290209623,261.98920920849525,694.0074498754956,275.6190286630349,428.22597051197243,308.33059535393005,441.8557899665121,317.87146897210783,450.03368163923585,327.41234259028556,391.42545798471537,437.8138801720567,403.69229549380105,445.99177184478054,403.69229549380105,458.25860935386623,,,,,,,,,,,,,,,,,,,,,,,,,,,,,,,,,,,,,,,,,,,,,,,,,,,,,,,,,,,,,,,,,,,,,,,,,,,,,,,,,,,,,,,,,,,,,,,,,,,,,,,,,,,,,,,,,,,,,,,,,,,,,,,,,,,,,,,,,,,,,,,,,,,,,,
labeled-data,Fish33,img170.png,647.6660637300608,279.7079744993968,586.3318761846324,95.7054118631115,538.6275080937436,16.652459026781514,674.9257026391401,361.48689122663467,737.6228721300225,394.1984579175299,809.8609152390827,440.5398440629646,,,,,,,417.3221149483407,294.7007758993904,426.8629885665185,305.60463146302214,441.8557899665121,324.68637869937766,357.35090934836626,407.8282773720695,377.7956385301757,413.28020515388533,399.60334965743914,432.3619523902409,,,,,,,,,,,,,,,,,,,,,,,,,,,,,,,,,,,,,,,,,,,,,,,,,,,,,,,,,,,,,,,,,,,,,,,,,,,,,,,,,,,,,,,,,,,,,,,,,,,,,,,,,,,,,,,,,,,,,,,,,,,,,,,,,,,,,,,,,,,,,,,,,,,,,,
labeled-data,Fish33,img194.png,751.2526915845622,301.51568562666023,653.1179915118767,116.15014104492099,567.2501289482768,15.289477081327561,610.8655512028038,241.5444800266858,642.2141359482449,263.3521911539492,677.651666530048,276.98201060848885,578.1539845119086,193.84011193579698,586.3318761846324,212.9218591721525,604.0506414755339,225.18869668123818,411.87018716652483,232.003606408508,418.68509689379465,240.18149808123178,432.31491634833435,255.17429948122543,308.2835593120235,332.86427037210143,317.8244329302012,339.67918009937125,338.26916211201075,360.1239092811807,,,,,,,,,,,,,,,,,,,,,,,,,,,,,,,,,,,,,,,,,,,,,,,,,,,,,,,,,,,,,,,,,,,,,,,,,,,,,,,,,,,,,,,,,,,,,,,,,,,,,,,,,,,,,,,,,,,,,,,,,,,,,,,,,,,,,,,,,,,,,,,,,,,,,,
labeled-data,Fish33,img203.png,768.9714568754636,312.41954119029197,673.5627206936861,121.60206882673685,595.8727498028101,20.74140486314343,608.1395873118956,222.46273279033022,619.0434428755275,233.36658835396196,638.125190111883,244.27044391759364,569.9760928391847,191.11414804488908,580.8799484028165,214.28484111760645,587.6948581300862,234.72957029941597,405.05527743925495,208.83291333579064,409.14422327561687,218.37378695396836,417.32211494834064,229.2776425176001,282.3869023483981,302.8786675721142,298.7426856938457,313.7825231357459,317.8244329302012,331.5012884266475,,,,,,,,,,,,,,,,,,,,,,,,,,,,,,,,,,,,,,,,,,,,,,,,,,,,,,,,,,,,,,,,,,,,,,,,,,,,,,,,,,,,,,,,,,,,,,,,,,,,,,,,,,,,,,,,,,,,,,,,,,,,,,,,,,,,,,,,,,,,,,,,,,,,,,
labeled-data,Fish33,img210.png,778.5123304936413,335.5902342630094,670.8367568027782,152.95065357217806,597.235731748264,46.63806182676876,593.1467859119023,202.01800360852076,604.0506414755339,212.9218591721525,620.4064248209813,226.5516786266922,571.3390747846387,182.93625637216525,576.7910025664545,195.20309388125094,583.6059122937244,211.55887722669854,406.4182593847089,196.56607582670495,409.14422327561687,203.38098555397477,418.6850968937946,217.0108050085144,274.20901067567434,282.4339383903047,287.838830130214,293.33779395393645,309.6465412574774,311.056559244838,,,,,,,,,,,,,,,,,,,,,,,,,,,,,,,,,,,,,,,,,,,,,,,,,,,,,,,,,,,,,,,,,,,,,,,,,,,,,,,,,,,,,,,,,,,,,,,,,,,,,,,,,,,,,,,,,,,,,,,,,,,,,,,,,,,,,,,,,,,,,,,,,,,,,,
labeled-data,Fish33,img218.png,770.3344388209175,326.0493606448316,689.9185040391336,167.94345497217165,609.5025692573497,43.91209793586083,567.2501289482768,181.5732744267113,576.7910025664545,187.02520220852716,593.1467859119022,195.20309388125094,571.3390747846387,176.12134664489543,565.8871470028229,185.6622202630732,572.7020567300926,193.84011193579698,402.32931354834705,167.94345497217165,411.8701871665248,182.93625637216525,421.41106078470256,197.9290577721589,256.4902453847728,260.6262272630413,274.20901067567434,268.8041189357651,283.74988429385206,286.52288422666663,,,,,,,,,,,,,,,,,,,,,,,,,,,,,,,,,,,,,,,,,,,,,,,,,,,,,,,,,,,,,,,,,,,,,,,,,,,,,,,,,,,,,,,,,,,,,,,,,,,,,,,,,,,,,,,,,,,,,,,,,,,,,,,,,,,,,,,,,,,,,,,,,,,,,,
labeled-data,Fish33,img236.png,744.4377818572922,312.41954119029197,717.1781429482129,150.2246896812701,638.125190111883,60.267881281308405,541.3534719846515,144.77276189945422,550.8943456028292,157.0395994085399,563.1611831119149,167.94345497217165,541.3534719846515,159.76556329944788,538.6275080937435,167.94345497217165,550.8943456028292,181.5732744267113,379.1586204756296,137.9578521721844,381.8845843665376,147.4987257903622,394.15142187562327,158.40258135399392,238.77148009387122,219.73676889942232,234.68253425750936,227.91466057214615,240.13446203932523,240.18149808123184,,,,,,,,,,,,,,,,,,,,,,,,,,,,,,,,,,,,,,,,,,,,,,,,,,,,,,,,,,,,,,,,,,,,,,,,,,,,,,,,,,,,,,,,,,,,,,,,,,,,,,,,,,,,,,,,,,,,,,,,,,,,,,,,,,,,,,,,,,,,,,,,,,,,,,
labeled-data,Fish33,img243.png,732.1709443482065,312.41954119029197,728.0819985118446,182.93625637216525,669.4737748573242,76.62366462675598,538.6275080937435,133.86890633582254,538.6275080937435,139.3208341176384,545.4424178210134,150.2246896812701,538.6275080937435,154.313635517632,537.2645261482895,162.49152719035578,546.8053997664673,176.12134664489543,366.89178296654393,120.2390868812829,373.70669269381375,131.14294244491458,390.06247603926136,142.04679800854632,238.77148009387122,204.74396749942872,238.77148009387122,211.55887722669854,233.3195523120554,226.55167862669214,,,,,,,,,,,,,,,,,,,,,,,,,,,,,,,,,,,,,,,,,,,,,,,,,,,,,,,,,,,,,,,,,,,,,,,,,,,,,,,,,,,,,,,,,,,,,,,,,,,,,,,,,,,,,,,,,,,,,,,,,,,,,,,,,,,,,,,,,,,,,,,,,,,,,,
labeled-data,Fish33,img245.png,728.0819985118447,332.86427037210143,736.2598901845686,195.20309388125094,679.014648475502,88.89050213584167,539.9904900391975,120.23908688128287,539.9904900391975,131.14294244491458,542.7164539301054,148.86170773581614,534.5385622573817,154.313635517632,541.3534719846515,161.12854524490183,542.7164539301054,174.75836469944147,366.891782966544,118.87610493582889,373.7066926938138,128.41697855400665,381.88458436653764,136.59487022673045,238.77148009387128,202.01800360852076,227.86762453023957,214.28484111760645,230.59358842114747,223.82571473578423,,,,,,,,,,,,,,,,,,,,,,,,,,,,,,,,,,,,,,,,,,,,,,,,,,,,,,,,,,,,,,,,,,,,,,,,,,,,,,,,,,,,,,,,,,,,,,,,,,,,,,,,,,,,,,,,,,,,,,,,,,,,,,,,,,,,,,,,,,,,,,,,,,,,,,
labeled-data,Fish33,img252.png,699.4593776573115,334.2272523175554,743.0747999118383,225.18869668123818,707.6372693300352,122.9650507721908,538.6275080937436,128.41697855400665,537.2645261482896,136.59487022673045,548.1683817119214,148.86170773581614,530.4496164210199,154.313635517632,531.8125983664738,162.49152719035578,541.3534719846515,178.8473105358034,354.6249454574583,110.69821326310512,364.1658190756361,120.23908688128287,372.34371074835985,129.77996049946063,229.23060647569352,200.6550216630668,229.23060647569352,207.46993139033663,234.68253425750936,217.0108050085144,,,,,,,,,,,,,,,,,,,,,,,,,,,,,,,,,,,,,,,,,,,,,,,,,,,,,,,,,,,,,,,,,,,,,,,,,,,,,,,,,,,,,,,,,,,,,,,,,,,,,,,,,,,,,,,,,,,,,,,,,,,,,,,,,,,,,,,,,,,,,,,,,,,,,,
labeled-data,Fish33,img265.png,616.3174789846196,347.857071772095,704.9113054391273,257.90026337213334,744.4377818572923,191.11414804488908,541.3534719846515,148.86170773581614,534.5385622573817,157.0395994085399,530.4496164210199,180.21029248125734,523.63470669375,99.79435769947338,527.7236525301118,109.33523131765114,537.2645261482896,113.42417715401305,347.8100357301885,86.16453824493374,347.8100357301885,94.34242991765754,353.26196351200434,105.24628548128925,186.9781661666206,165.21749108126374,203.3339495120682,177.48432859034938,221.05271480296972,195.20309388125094,,,,,,,,,,,,,,,,,,,,,,,,,,,,,,,,,,,,,,,,,,,,,,,,,,,,,,,,,,,,,,,,,,,,,,,,,,,,,,,,,,,,,,,,,,,,,,,,,,,,,,,,,,,,,,,,,,,,,,,,,,,,,,,,,,,,,,,,,,,,,,,,,,,,,,
labeled-data,Fish33,img277.png,539.9904900391975,356.03496344481886,658.5699192936926,297.4267397902983,707.6372693300352,259.2632453175873,537.2645261482896,140.68381606309237,527.7236525301118,152.95065357217806,516.8197969664801,176.12134664489543,533.1755803119278,64.35682711767029,522.271724748296,83.4385743540258,511.3678691846643,101.15733964492736,342.3581079483726,69.80875489948616,340.99512600291865,76.62366462675598,336.9061801665568,87.52752019038772,135.18485223936992,129.77996049946063,151.54063558481752,137.9578521721844,182.8892203302587,157.0395994085399,,,,,,,,,,,,,,,,,,,,,,,,,,,,,,,,,,,,,,,,,,,,,,,,,,,,,,,,,,,,,,,,,,,,,,,,,,,,,,,,,,,,,,,,,,,,,,,,,,,,,,,,,,,,,,,,,,,,,,,,,,,,,,,,,,,,,,,,,,,,,,,,,,,,,,
