scorer,,,Michael,Michael,Michael,Michael,Michael,Michael,Michael,Michael,Michael,Michael,Michael,Michael,Michael,Michael,Michael,Michael,Michael,Michael,Michael,Michael,Michael,Michael,Michael,Michael,Michael,Michael,Michael,Michael,Michael,Michael,Michael,Michael,Michael,Michael,Michael,Michael,Michael,Michael,Michael,Michael,Michael,Michael,Michael,Michael,Michael,Michael,Michael,Michael,Michael,Michael,Michael,Michael,Michael,Michael,Michael,Michael,Michael,Michael,Michael,Michael,Michael,Michael,Michael,Michael,Michael,Michael,Michael,Michael,Michael,Michael,Michael,Michael,Michael,Michael,Michael,Michael,Michael,Michael,Michael,Michael,Michael,Michael,Michael,Michael,Michael,Michael,Michael,Michael,Michael,Michael,Michael,Michael,Michael,Michael,Michael,Michael,Michael,Michael,Michael,Michael,Michael,Michael,Michael,Michael,Michael,Michael,Michael,Michael,Michael,Michael,Michael,Michael,Michael,Michael,Michael,Michael,Michael,Michael,Michael,Michael,Michael,Michael,Michael,Michael,Michael,Michael,Michael,Michael,Michael,Michael,Michael,Michael,Michael,Michael,Michael,Michael,Michael,Michael,Michael,Michael,Michael,Michael,Michael,Michael,Michael,Michael,Michael,Michael,Michael,Michael,Michael,Michael,Michael,Michael,Michael,Michael,Michael,Michael,Michael,Michael,Michael,Michael,Michael,Michael,Michael,Michael,Michael,Michael,Michael,Michael,Michael,Michael,Michael,Michael,Michael,Michael,Michael,Michael,Michael,Michael
individuals,,,fish1,fish1,fish1,fish1,fish1,fish1,fish2,fish2,fish2,fish2,fish2,fish2,fish3,fish3,fish3,fish3,fish3,fish3,fish4,fish4,fish4,fish4,fish4,fish4,fish5,fish5,fish5,fish5,fish5,fish5,fish6,fish6,fish6,fish6,fish6,fish6,fish7,fish7,fish7,fish7,fish7,fish7,fish8,fish8,fish8,fish8,fish8,fish8,fish9,fish9,fish9,fish9,fish9,fish9,fish10,fish10,fish10,fish10,fish10,fish10,fish11,fish11,fish11,fish11,fish11,fish11,fish12,fish12,fish12,fish12,fish12,fish12,fish13,fish13,fish13,fish13,fish13,fish13,fish14,fish14,fish14,fish14,fish14,fish14,fish15,fish15,fish15,fish15,fish15,fish15,fish16,fish16,fish16,fish16,fish16,fish16,fish17,fish17,fish17,fish17,fish17,fish17,fish18,fish18,fish18,fish18,fish18,fish18,fish19,fish19,fish19,fish19,fish19,fish19,fish20,fish20,fish20,fish20,fish20,fish20,fish21,fish21,fish21,fish21,fish21,fish21,fish22,fish22,fish22,fish22,fish22,fish22,fish23,fish23,fish23,fish23,fish23,fish23,fish24,fish24,fish24,fish24,fish24,fish24,fish25,fish25,fish25,fish25,fish25,fish25,fish26,fish26,fish26,fish26,fish26,fish26,fish27,fish27,fish27,fish27,fish27,fish27,fish28,fish28,fish28,fish28,fish28,fish28,fish29,fish29,fish29,fish29,fish29,fish29,fish30,fish30,fish30,fish30,fish30,fish30
bodyparts,,,head,head,torso,torso,tail,tail,head,head,torso,torso,tail,tail,head,head,torso,torso,tail,tail,head,head,torso,torso,tail,tail,head,head,torso,torso,tail,tail,head,head,torso,torso,tail,tail,head,head,torso,torso,tail,tail,head,head,torso,torso,tail,tail,head,head,torso,torso,tail,tail,head,head,torso,torso,tail,tail,head,head,torso,torso,tail,tail,head,head,torso,torso,tail,tail,head,head,torso,torso,tail,tail,head,head,torso,torso,tail,tail,head,head,torso,torso,tail,tail,head,head,torso,torso,tail,tail,head,head,torso,torso,tail,tail,head,head,torso,torso,tail,tail,head,head,torso,torso,tail,tail,head,head,torso,torso,tail,tail,head,head,torso,torso,tail,tail,head,head,torso,torso,tail,tail,head,head,torso,torso,tail,tail,head,head,torso,torso,tail,tail,head,head,torso,torso,tail,tail,head,head,torso,torso,tail,tail,head,head,torso,torso,tail,tail,head,head,torso,torso,tail,tail,head,head,torso,torso,tail,tail,head,head,torso,torso,tail,tail
coords,,,x,y,x,y,x,y,x,y,x,y,x,y,x,y,x,y,x,y,x,y,x,y,x,y,x,y,x,y,x,y,x,y,x,y,x,y,x,y,x,y,x,y,x,y,x,y,x,y,x,y,x,y,x,y,x,y,x,y,x,y,x,y,x,y,x,y,x,y,x,y,x,y,x,y,x,y,x,y,x,y,x,y,x,y,x,y,x,y,x,y,x,y,x,y,x,y,x,y,x,y,x,y,x,y,x,y,x,y,x,y,x,y,x,y,x,y,x,y,x,y,x,y,x,y,x,y,x,y,x,y,x,y,x,y,x,y,x,y,x,y,x,y,x,y,x,y,x,y,x,y,x,y,x,y,x,y,x,y,x,y,x,y,x,y,x,y,x,y,x,y,x,y,x,y,x,y,x,y,x,y
labeled-data,Fish21,img00.png,545.4424178210134,406.46529542661557,460.93753720286753,455.5326454629583,,,606.7766053664417,173.39538275398752,613.5915150937116,187.02520220852716,605.4136234209877,192.47712999034303,613.5915150937116,167.94345497217165,616.3174789846195,159.76556329944788,623.1323887118893,147.4987257903622,417.32211494834064,45.27507988131481,415.9591330028867,69.80875489948616,414.59615105743273,87.52752019038772,,,,,,,,,,,,,,,,,,,,,,,,,,,,,,,,,,,,,,,,,,,,,,,,,,,,,,,,,,,,,,,,,,,,,,,,,,,,,,,,,,,,,,,,,,,,,,,,,,,,,,,,,,,,,,,,,,,,,,,,,,,,,,,,,,,,,,,,,,,,,,,,,,,,,,,,,,,,
labeled-data,Fish21,img03.png,556.3462733846451,392.8354759720759,454.1226274755977,450.0807176811424,,,609.5025692573497,199.29203971761285,617.6804609300735,182.93625637216525,612.2285331482576,176.12134664489543,613.5915150937116,167.94345497217165,619.0434428755275,158.40258135399392,619.0434428755275,151.5876716267241,415.9591330028867,39.82315209949894,410.5072052210708,61.630863226762386,411.8701871665248,80.7126104631179,,,,,,,,,,,,,,,,,,,,,,,,,,,,,,,,,,,,,,,,,,,,,,,,,,,,,,,,,,,,,,,,,,,,,,,,,,,,,,,,,,,,,,,,,,,,,,,,,,,,,,,,,,,,,,,,,,,,,,,,,,,,,,,,,,,,,,,,,,,,,,,,,,,,,,,,,,,,
labeled-data,Fish21,img06.png,,,455.48560942105166,451.44369962659636,546.8053997664673,387.38354819026,601.3246775846259,197.9290577721589,610.8655512028037,188.38818415398111,608.1395873118958,176.12134664489543,613.5915150937116,167.94345497217165,614.9544970391655,163.85450913580974,623.1323887118893,151.5876716267241,422.7740427301565,35.734206263137054,413.2331691119788,49.3640257176767,406.4182593847089,67.08279100857823,,,,,,,,,,,,,,,,,,,,,,,,,,,,,,,,,,,,,,,,,,,,,,,,,,,,,,,,,,,,,,,,,,,,,,,,,,,,,,,,,,,,,,,,,,,,,,,,,,,,,,,,,,,,,,,,,,,,,,,,,,,,,,,,,,,,,,,,,,,,,,,,,,,,,,,,,,,,
labeled-data,Fish21,img10.png,,,429.58895245742633,445.99177184478054,553.6203094937372,365.5758370629966,598.598713693718,193.84011193579698,608.1395873118958,185.6622202630732,602.6876595300798,174.75836469944147,612.2285331482576,165.21749108126374,619.0434428755275,155.67661746308596,422.7740427301565,24.830350699505317,413.2331691119788,42.549115990406875,396.8773857665312,64.35682711767032,,,,,,,,,,,,,,,,,,,,,,,,,,,,,,,,,,,,,,,,,,,,,,,,,,,,,,,,,,,,,,,,,,,,,,,,,,,,,,,,,,,,,,,,,,,,,,,,,,,,,,,,,,,,,,,,,,,,,,,,,,,,,,,,,,,,,,,,,,,,,,,,,,,,,,,,,,,,,,
labeled-data,Fish21,img20.png,550.8943456028292,316.5084870266539,429.58895245742633,440.53984406296473,,,589.0578400755402,192.47712999034303,604.0506414755339,187.02520220852716,591.7838039664481,169.30643691762566,599.9616956391719,170.6694188630796,605.4136234209878,159.76556329944782,610.8655512028037,143.40977995400027,,,410.5072052210708,8.47456735405774,398.24036771198513,27.55631459041325,,,,,,,,,,,,,,,,,,,,,,,,,,,,,,,,,,,,,,,,,,,,,,,,,,,,,,,,,,,,,,,,,,,,,,,,,,,,,,,,,,,,,,,,,,,,,,,,,,,,,,,,,,,,,,,,,,,,,,,,,,,,,,,,,,,,,,,,,,,,,,,,,,,,,,,,,,,,
labeled-data,Fish21,img23.png,569.9760928391847,297.42673979029837,451.39666358468975,401.01336764479964,,,591.7838039664482,195.20309388125094,598.598713693718,187.02520220852716,589.0578400755402,173.39538275398752,595.8727498028101,172.03240080853357,601.3246775846259,152.95065357217806,604.0506414755339,144.77276189945422,,,,,396.8773857665312,12.563513190419627,,,,,,,,,,,,,,,,,,,,,,,,,,,,,,,,,,,,,,,,,,,,,,,,,,,,,,,,,,,,,,,,,,,,,,,,,,,,,,,,,,,,,,,,,,,,,,,,,,,,,,,,,,,,,,,,,,,,,,,,,,,,,,,,,,,,,,,,,,,,,,,,,,,,,,,,,,,,
labeled-data,Fish21,img28.png,594.5097678573561,268.8041189357651,489.5601580574008,353.3089995539109,372.3437107483598,455.5326454629583,586.3318761846323,196.56607582670495,593.1467859119022,185.6622202630732,586.3318761846323,176.12134664489543,593.1467859119022,167.94345497217165,599.9616956391719,157.0395994085399,601.3246775846259,144.77276189945422,,,,,,,,,,,,,,,,,,,,,,,,,,,,,,,,,,,,,,,,,,,,,,,,,,,,,,,,,,,,,,,,,,,,,,,,,,,,,,,,,,,,,,,,,,,,,,,,,,,,,,,,,,,,,,,,,,,,,,,,,,,,,,,,,,,,,,,,,,,,,,,,,,,,,,,,,,,,,,,,,,
labeled-data,Fish21,img32.png,609.5025692573497,261.98920920849525,504.5529594573944,328.7753245357395,399.6033496574391,424.18406071751707,586.3318761846323,195.20309388125094,594.5097678573561,181.5732744267113,583.6059122937244,173.39538275398752,590.4208220209941,167.94345497217165,593.1467859119022,159.76556329944788,593.1467859119022,144.77276189945422,,,,,,,,,,,,,,,,,,,,,,,,,,,,,,,,,,,,,,,,,,,,,,,,,,,,,,,,,,,,,,,,,,,,,,,,,,,,,,,,,,,,,,,,,,,,,,,,,,,,,,,,,,,,,,,,,,,,,,,,,,,,,,,,,,,,,,,,,,,,,,,,,,,,,,,,,,,,,,,,,,
labeled-data,Fish21,img40.png,665.3848290209622,218.37378695396836,553.6203094937372,275.6190286630349,463.66350109377544,360.1239092811807,575.4280206210005,195.20309388125094,586.3318761846323,176.12134664489543,575.4280206210005,167.94345497217165,584.9688942391783,163.85450913580974,590.4208220209941,154.313635517632,591.7838039664482,142.04679800854632,,,,,,,,,,,,,,,,,,,,,,,,,,,,,,,,,,,,,,,,,,,,,,,,,,,,,,,,,,,,,,,,,,,,,,,,,,,,,,,,,,,,,,,,,,,,,,,,,,,,,,,,,,,,,,,,,,,,,,,,,,,,,,,,,,,,,,,,,,,,,,,,,,,,,,,,,,,,,,,,,,
labeled-data,Fish21,img42.png,646.3030817846068,206.10694944488267,550.8943456028292,275.6190286630349,463.66350109377544,351.94601760845694,578.1539845119086,192.47712999034303,578.1539845119086,178.8473105358034,569.9760928391847,170.6694188630796,582.2429303482704,167.94345497217165,583.6059122937244,158.40258135399392,586.3318761846323,147.4987257903622,,,,,,,,,,,,,,,,,,,,,,,,,,,,,,,,,,,,,,,,,,,,,,,,,,,,,,,,,,,,,,,,,,,,,,,,,,,,,,,,,,,,,,,,,,,,,,,,,,,,,,,,,,,,,,,,,,,,,,,,,,,,,,,,,,,,,,,,,,,,,,,,,,,,,,,,,,,,,,,,,,
labeled-data,Fish21,img45.png,668.1107929118701,196.56607582670495,574.0650386755466,259.26324531758735,492.28612194830873,328.7753245357395,574.0650386755466,191.11414804488908,578.1539845119086,180.21029248125734,574.0650386755466,173.39538275398752,582.2429303482704,163.85450913580974,584.9688942391783,152.95065357217806,587.6948581300862,144.77276189945422,,,,,,,,,,,,,,,,,,,,,,,,,,,,,,,,,,,,,,,,,,,,,,,,,,,,,,,,,,,,,,,,,,,,,,,,,,,,,,,,,,,,,,,,,,,,,,,,,,,,,,,,,,,,,,,,,,,,,,,,,,,,,,,,,,,,,,,,,,,,,,,,,,,,,,,,,,,,,,,,,,
labeled-data,Fish21,img47.png,677.6516665300479,191.11414804488908,587.6948581300862,245.63342586304765,508.6419052937563,302.8786675721142,569.9760928391847,196.56607582670495,576.7910025664545,185.6622202630732,569.9760928391847,173.39538275398752,579.5169664573625,165.21749108126374,580.8799484028165,155.67661746308596,582.2429303482704,140.68381606309237,,,,,,,,,,,,,,,,,,,,,,,,,,,,,,,,,,,,,,,,,,,,,,,,,,,,,,,,,,,,,,,,,,,,,,,,,,,,,,,,,,,,,,,,,,,,,,,,,,,,,,,,,,,,,,,,,,,,,,,,,,,,,,,,,,,,,,,,,,,,,,,,,,,,,,,,,,,,,,,,,,
labeled-data,Fish21,img56.png,692.6444679300415,161.12854524490183,638.125190111883,204.74396749942872,579.5169664573625,249.72237169940956,552.2573275482832,192.47712999034303,567.2501289482768,182.93625637216525,579.5169664573625,176.12134664489543,575.4280206210005,163.85450913580974,576.7910025664545,152.95065357217806,576.7910025664545,146.13574384490823,,,,,,,,,,,,,,,,,,,,,,,,,,,,,,,,,,,,,,,,,,,,,,,,,,,,,,,,,,,,,,,,,,,,,,,,,,,,,,,,,,,,,,,,,,,,,,,,,,,,,,,,,,,,,,,,,,,,,,,,,,,,,,,,,,,,,,,,,,,,,,,,,,,,,,,,,,,,,,,,,,
labeled-data,Fish21,img59.png,722.6300707300288,148.86170773581614,646.3030817846068,188.38818415398111,597.235731748264,233.36658835396196,549.5313636573752,189.75116609943512,559.072237275553,184.29923831761926,574.0650386755466,181.5732744267113,574.0650386755466,169.3064369176256,574.0650386755466,157.0395994085399,578.1539845119086,143.40977995400027,,,,,,,,,,,,,,,,,,,,,,,,,,,,,,,,,,,,,,,,,,,,,,,,,,,,,,,,,,,,,,,,,,,,,,,,,,,,,,,,,,,,,,,,,,,,,,,,,,,,,,,,,,,,,,,,,,,,,,,,,,,,,,,,,,,,,,,,,,,,,,,,,,,,,,,,,,,,,,,,,,
labeled-data,Fish21,img65.png,728.0819985118446,133.86890633582254,692.6444679300415,161.12854524490183,635.399226220975,203.38098555397477,545.4424178210134,195.20309388125094,552.2573275482832,191.11414804488908,564.5241650573688,188.38818415398111,574.0650386755466,172.03240080853357,571.3390747846387,154.313635517632,580.8799484028165,143.40977995400027,,,,,,,,,,,,,,,,,,,,,,,,,,,,,,,,,,,,,,,,,,,,,,,,,,,,,,,,,,,,,,,,,,,,,,,,,,,,,,,,,,,,,,,,,,,,,,,,,,,,,,,,,,,,,,,,,,,,,,,,,,,,,,,,,,,,,,,,,,,,,,,,,,,,,,,,,,,,,,,,,,
labeled-data,Fish21,img67.png,733.5339262936606,127.05399660855272,699.4593776573114,154.313635517632,651.7550095664226,182.93625637216525,541.3534719846515,192.47712999034303,550.8943456028292,187.02520220852716,567.2501289482768,184.29923831761926,567.2501289482768,166.5804730267177,567.2501289482768,155.67661746308596,571.3390747846387,144.77276189945422,,,,,,,,,,,,,,,,,,,,,,,,,,,,,,,,,,,,,,,,,,,,,,,,,,,,,,,,,,,,,,,,,,,,,,,,,,,,,,,,,,,,,,,,,,,,,,,,,,,,,,,,,,,,,,,,,,,,,,,,,,,,,,,,,,,,,,,,,,,,,,,,,,,,,,,,,,,,,,,,,,
labeled-data,Fish21,img74.png,749.8897096391081,122.9650507721908,714.452179057305,140.68381606309237,677.6516665300479,161.12854524490183,534.5385622573816,191.11414804488908,546.8053997664673,188.38818415398111,557.709255330099,187.02520220852716,568.6131108937308,173.39538275398752,565.8871470028229,161.12854524490183,571.3390747846387,143.40977995400027,,,,,,,,,,,,,,,,,,,,,,,,,,,,,,,,,,,,,,,,,,,,,,,,,,,,,,,,,,,,,,,,,,,,,,,,,,,,,,,,,,,,,,,,,,,,,,,,,,,,,,,,,,,,,,,,,,,,,,,,,,,,,,,,,,,,,,,,,,,,,,,,,,,,,,,,,,,,,,,,,,
labeled-data,Fish21,img79.png,756.7046193663779,117.51312299037494,740.3488360209303,125.69101466309871,707.6372693300352,136.59487022673045,527.7236525301118,192.47712999034303,538.6275080937435,185.6622202630732,552.2573275482832,182.93625637216525,563.1611831119149,170.6694188630796,563.1611831119149,158.40258135399392,563.1611831119149,150.2246896812701,,,,,,,,,,,,,,,,,,,,,,,,,,,,,,,,,,,,,,,,,,,,,,,,,,,,,,,,,,,,,,,,,,,,,,,,,,,,,,,,,,,,,,,,,,,,,,,,,,,,,,,,,,,,,,,,,,,,,,,,,,,,,,,,,,,,,,,,,,,,,,,,,,,,,,,,,,,,,,,,,,
labeled-data,Fish21,img83.png,760.7935652027398,110.69821326310512,744.4377818572922,113.42417715401305,729.4449804572986,121.60206882673685,529.0866344755658,192.47712999034303,545.4424178210134,184.29923831761926,554.9832914391911,170.6694188630796,557.709255330099,159.76556329944788,554.9832914391911,150.2246896812701,,,,,,,,,,,,,,,,,,,,,,,,,,,,,,,,,,,,,,,,,,,,,,,,,,,,,,,,,,,,,,,,,,,,,,,,,,,,,,,,,,,,,,,,,,,,,,,,,,,,,,,,,,,,,,,,,,,,,,,,,,,,,,,,,,,,,,,,,,,,,,,,,,,,,,,,,,,,,,,,,,,,
labeled-data,Fish21,img87.png,764.8825110391017,98.43137575401943,755.3416374209239,107.97224937219718,734.8969082391145,118.87610493582889,524.9976886392038,192.47712999034303,535.9015442028356,187.02520220852716,542.7164539301054,184.29923831761926,546.8053997664673,172.03240080853357,550.8943456028292,157.0395994085399,550.8943456028292,147.4987257903622,,,,,,,,,,,,,,,,,,,,,,,,,,,,,,,,,,,,,,,,,,,,,,,,,,,,,,,,,,,,,,,,,,,,,,,,,,,,,,,,,,,,,,,,,,,,,,,,,,,,,,,,,,,,,,,,,,,,,,,,,,,,,,,,,,,,,,,,,,,,,,,,,,,,,,,,,,,,,,,,,,
