scorer,,,Michael,Michael,Michael,Michael,Michael,Michael,Michael,Michael,Michael,Michael,Michael,Michael,Michael,Michael,Michael,Michael,Michael,Michael,Michael,Michael,Michael,Michael,Michael,Michael,Michael,Michael,Michael,Michael,Michael,Michael,Michael,Michael,Michael,Michael,Michael,Michael,Michael,Michael,Michael,Michael,Michael,Michael,Michael,Michael,Michael,Michael,Michael,Michael,Michael,Michael,Michael,Michael,Michael,Michael,Michael,Michael,Michael,Michael,Michael,Michael,Michael,Michael,Michael,Michael,Michael,Michael,Michael,Michael,Michael,Michael,Michael,Michael,Michael,Michael,Michael,Michael,Michael,Michael,Michael,Michael,Michael,Michael,Michael,Michael,Michael,Michael,Michael,Michael,Michael,Michael,Michael,Michael,Michael,Michael,Michael,Michael,Michael,Michael,Michael,Michael,Michael,Michael,Michael,Michael,Michael,Michael,Michael,Michael,Michael,Michael,Michael,Michael,Michael,Michael,Michael,Michael,Michael,Michael,Michael,Michael,Michael,Michael,Michael,Michael,Michael,Michael,Michael,Michael,Michael,Michael,Michael,Michael,Michael,Michael,Michael,Michael,Michael,Michael,Michael,Michael,Michael,Michael,Michael,Michael,Michael,Michael,Michael,Michael,Michael,Michael,Michael,Michael,Michael,Michael,Michael,Michael,Michael,Michael,Michael,Michael,Michael,Michael,Michael,Michael,Michael,Michael,Michael,Michael,Michael,Michael,Michael,Michael,Michael,Michael,Michael,Michael,Michael,Michael,Michael,Michael
individuals,,,fish1,fish1,fish1,fish1,fish1,fish1,fish2,fish2,fish2,fish2,fish2,fish2,fish3,fish3,fish3,fish3,fish3,fish3,fish4,fish4,fish4,fish4,fish4,fish4,fish5,fish5,fish5,fish5,fish5,fish5,fish6,fish6,fish6,fish6,fish6,fish6,fish7,fish7,fish7,fish7,fish7,fish7,fish8,fish8,fish8,fish8,fish8,fish8,fish9,fish9,fish9,fish9,fish9,fish9,fish10,fish10,fish10,fish10,fish10,fish10,fish11,fish11,fish11,fish11,fish11,fish11,fish12,fish12,fish12,fish12,fish12,fish12,fish13,fish13,fish13,fish13,fish13,fish13,fish14,fish14,fish14,fish14,fish14,fish14,fish15,fish15,fish15,fish15,fish15,fish15,fish16,fish16,fish16,fish16,fish16,fish16,fish17,fish17,fish17,fish17,fish17,fish17,fish18,fish18,fish18,fish18,fish18,fish18,fish19,fish19,fish19,fish19,fish19,fish19,fish20,fish20,fish20,fish20,fish20,fish20,fish21,fish21,fish21,fish21,fish21,fish21,fish22,fish22,fish22,fish22,fish22,fish22,fish23,fish23,fish23,fish23,fish23,fish23,fish24,fish24,fish24,fish24,fish24,fish24,fish25,fish25,fish25,fish25,fish25,fish25,fish26,fish26,fish26,fish26,fish26,fish26,fish27,fish27,fish27,fish27,fish27,fish27,fish28,fish28,fish28,fish28,fish28,fish28,fish29,fish29,fish29,fish29,fish29,fish29,fish30,fish30,fish30,fish30,fish30,fish30
bodyparts,,,head,head,torso,torso,tail,tail,head,head,torso,torso,tail,tail,head,head,torso,torso,tail,tail,head,head,torso,torso,tail,tail,head,head,torso,torso,tail,tail,head,head,torso,torso,tail,tail,head,head,torso,torso,tail,tail,head,head,torso,torso,tail,tail,head,head,torso,torso,tail,tail,head,head,torso,torso,tail,tail,head,head,torso,torso,tail,tail,head,head,torso,torso,tail,tail,head,head,torso,torso,tail,tail,head,head,torso,torso,tail,tail,head,head,torso,torso,tail,tail,head,head,torso,torso,tail,tail,head,head,torso,torso,tail,tail,head,head,torso,torso,tail,tail,head,head,torso,torso,tail,tail,head,head,torso,torso,tail,tail,head,head,torso,torso,tail,tail,head,head,torso,torso,tail,tail,head,head,torso,torso,tail,tail,head,head,torso,torso,tail,tail,head,head,torso,torso,tail,tail,head,head,torso,torso,tail,tail,head,head,torso,torso,tail,tail,head,head,torso,torso,tail,tail,head,head,torso,torso,tail,tail,head,head,torso,torso,tail,tail
coords,,,x,y,x,y,x,y,x,y,x,y,x,y,x,y,x,y,x,y,x,y,x,y,x,y,x,y,x,y,x,y,x,y,x,y,x,y,x,y,x,y,x,y,x,y,x,y,x,y,x,y,x,y,x,y,x,y,x,y,x,y,x,y,x,y,x,y,x,y,x,y,x,y,x,y,x,y,x,y,x,y,x,y,x,y,x,y,x,y,x,y,x,y,x,y,x,y,x,y,x,y,x,y,x,y,x,y,x,y,x,y,x,y,x,y,x,y,x,y,x,y,x,y,x,y,x,y,x,y,x,y,x,y,x,y,x,y,x,y,x,y,x,y,x,y,x,y,x,y,x,y,x,y,x,y,x,y,x,y,x,y,x,y,x,y,x,y,x,y,x,y,x,y,x,y,x,y,x,y,x,y
labeled-data,Fish2,img002.png,169.25940087571902,33.00824237222912,188.34114811207453,12.563513190419627,,,102.47328554847476,285.1599022812127,110.65117722119854,282.4339383903047,110.65117722119854,282.4339383903047,368.25476491199794,189.75116609943512,358.71389129382015,197.9290577721589,350.5359996210964,203.38098555397477,659.9329012391464,182.93625637216525,654.4809734573305,187.02520220852716,647.6660637300607,193.84011193579698,413.16485434401335,404.7160086124539,419.89310861102797,398.7353381528854,428.8641143003807,398.7353381528854,,,,,,,,,,,,,,,,,,,,,,,,,,,,,,,,,,,,,,,,,,,,,,,,,,,,,,,,,,,,,,,,,,,,,,,,,,,,,,,,,,,,,,,,,,,,,,,,,,,,,,,,,,,,,,,,,,,,,,,,,,,,,,,,,,,,,,,,,,,,,,,,,,,,,,
labeled-data,Fish2,img017.png,151.5406355848175,50.72700766313065,169.25940087571902,34.37122431768307,206.0599134029761,16.652459026781543,99.74732165756683,287.8858661721206,105.1992494393827,286.52288422666663,112.01415916665252,282.4339383903047,380.52160242108357,187.02520220852716,373.70669269381375,189.75116609943512,365.52880102109,195.20309388125094,672.1997387482321,158.40258135399392,665.3848290209622,163.85450913580974,658.5699192936925,169.3064369176256,411.6696867291212,396.4925867305472,416.1551895737976,392.0070838858708,422.13586003336616,389.7643324635326,,,,,,,,,,,,,,,,,,,,,,,,,,,,,,,,,,,,,,,,,,,,,,,,,,,,,,,,,,,,,,,,,,,,,,,,,,,,,,,,,,,,,,,,,,,,,,,,,,,,,,,,,,,,,,,,,,,,,,,,,,,,,,,,,,,,,,,,,,,,,,,,,,,,,,
labeled-data,Fish2,img026.png,150.17765363936354,58.90489933585445,177.43729254844283,39.82315209949894,218.32675091206178,24.830350699505317,99.74732165756683,297.42673979029837,107.9252133302906,287.8858661721206,112.01415916665255,286.5228842266665,391.42545798471537,184.29923831761926,381.8845843665375,188.3881841539811,370.98072880290584,193.84011193579695,680.3776304209559,148.8617077358161,672.1997387482321,148.8617077358161,666.7478109664163,150.22468968127006,404.94143246210666,391.25950007842476,411.6696867291212,386.77399723374833,419.1455248035819,383.7836620039641,,,,,,,,,,,,,,,,,,,,,,,,,,,,,,,,,,,,,,,,,,,,,,,,,,,,,,,,,,,,,,,,,,,,,,,,,,,,,,,,,,,,,,,,,,,,,,,,,,,,,,,,,,,,,,,,,,,,,,,,,,,,,,,,,,,,,,,,,,,,,,,,,,,,,,
labeled-data,Fish2,img030.png,141.79193224109167,70.54604668406269,171.6952845389343,50.36128388301894,213.55997775591396,33.91444011920548,99.17965521666595,297.81152414766655,101.42240663900414,294.8211889178823,106.6554932911266,293.32602130299017,396.7180105801999,181.93603399352645,389.2421725057393,186.42153683820283,381.01875062383255,189.41187206798708,669.5861002980137,146.05201123611528,676.3143545650282,145.30442742866921,681.5474412171508,145.30442742866921,404.94143246210666,387.5215810411944,410.92210292167516,383.036078196518,418.39794099613584,379.2981591592877,,,,,,,,,,,,,,,,,,,,,,,,,,,,,,,,,,,,,,,,,,,,,,,,,,,,,,,,,,,,,,,,,,,,,,,,,,,,,,,,,,,,,,,,,,,,,,,,,,,,,,,,,,,,,,,,,,,,,,,,,,,,,,,,,,,,,,,,,,,,,,,,,,,,,,
labeled-data,Fish2,img051.png,133.56851035918493,81.75980379575368,158.98635981235117,70.54604668406269,194.12279876231622,61.57504099470991,93.19898475709742,304.53977841468117,98.43207140921989,301.5494431848969,104.41274186878842,300.0542755700048,416.1551895737976,172.21744449672758,411.6696867291212,176.702947341404,405.6890162695527,181.1884501860804,690.5184469065035,137.8285893542086,693.5087821362878,139.3237569691007,697.9942849809642,140.81892458399284,401.2035134248763,375.56024012205734,405.6890162695527,370.3271534699349,410.92210292167516,366.5892344327046,,,,,,,,,,,,,,,,,,,,,,,,,,,,,,,,,,,,,,,,,,,,,,,,,,,,,,,,,,,,,,,,,,,,,,,,,,,,,,,,,,,,,,,,,,,,,,,,,,,,,,,,,,,,,,,,,,,,,,,,,,,,,,,,,,,,,,,,,,,,,,,,,,,,,,
labeled-data,Fish2,img056.png,126.84025609217038,89.23564187021434,150.01535412299836,75.77913333618515,179.91870642084098,66.80812764683238,99.17965521666595,303.7921946072351,102.91757425389629,300.80185937745085,107.40307709857267,300.80185937745085,419.1455248035819,170.72227688183546,415.40760576635154,175.20777972651183,410.92210292167516,177.45053114885008,696.499117366072,141.5665083914389,700.9846202107484,137.08100554676253,703.2273716330866,133.34308650953216,401.2035134248763,373.31748869971915,404.1938486546606,367.33681824015065,410.92210292167516,362.1037315880282,,,,,,,,,,,,,,,,,,,,,,,,,,,,,,,,,,,,,,,,,,,,,,,,,,,,,,,,,,,,,,,,,,,,,,,,,,,,,,,,,,,,,,,,,,,,,,,,,,,,,,,,,,,,,,,,,,,,,,,,,,,,,,,,,,,,,,,,,,,,,,,,,,,,,,
labeled-data,Fish2,img070.png,119.36441801770972,92.97356090744465,136.55884558896923,81.75980379575368,173.1904521538264,75.03154952873909,104.41274186878842,305.28736222212723,110.39341232835692,306.0349460295733,115.62649898047938,306.0349460295733,435.59236856739534,162.49885499992877,428.8641143003807,166.23677403715908,424.37861145570434,172.21744449672758,720.4217992043461,134.83825412442434,711.4507935149933,135.5858379318704,706.9652906703169,140.07134077654678,407.9317676918909,363.59889920292034,404.1938486546606,367.33681824015065,404.1938486546606,372.5699048922731,,,,,,,,,,,,,,,,,,,,,,,,,,,,,,,,,,,,,,,,,,,,,,,,,,,,,,,,,,,,,,,,,,,,,,,,,,,,,,,,,,,,,,,,,,,,,,,,,,,,,,,,,,,,,,,,,,,,,,,,,,,,,,,,,,,,,,,,,,,,,,,,,,,,,,
labeled-data,Fish2,img086.png,110.39341232835692,104.93490182658171,126.09267228472429,90.73080948510646,167.2097816942579,81.01221998830762,115.62649898047938,308.2776974519115,117.86925040281757,309.02528125935754,122.35475324749397,309.7728650668036,451.29162852376265,158.7609359626984,446.8061256790863,161.7512711924827,441.57303902696384,166.23677403715908,,,745.8396486575124,126.61483224251758,743.5968972351741,129.60516747230184,,,404.94143246210666,368.8319858550428,410.92210292167516,369.57956966248884,,,,,,,,,,,,,,,,,,,,,,,,,,,,,,,,,,,,,,,,,,,,,,,,,,,,,,,,,,,,,,,,,,,,,,,,,,,,,,,,,,,,,,,,,,,,,,,,,,,,,,,,,,,,,,,,,,,,,,,,,,,,,,,,,,,,,,,,,,,,,,,,,,,,,,
